Title,PROMPT,Industry,Location,Date targeted,Company List,ICP Match Prompt
Slovenia - Tech/SaaS,"Tech, SaaS, Software, and IT-enabled companies in Slovenia with 100-250 employees (priority) or 50-500 employees (secondary). Focus on companies with predominantly white-collar desk-based workforce.",Tech / SaaS / Software,Slovenia,,,"Determine if this company is a good fit for Zen2Fit, a corporate wellness SaaS platform for employees.

Return ONLY ""YES"", ""NO"", or ""UNSURE - [reason]""

RETURN ""YES"" IF ALL OF THESE ARE TRUE:
1. Company's workforce is predominantly desk-based (office workers, knowledge workers, remote workers, software engineers, not retail branches, field sales, or manufacturing floor workers)
2. Company is in tech/SaaS/fintech/software/digital services/martech/devtools/insurtech/regtech
3. Company shows they invest in employee culture/benefits/wellbeing beyond salary - look for ANY of these signals:
   - Mentions employee benefits, perks, wellness programs, or culture on careers page
   - Posts about team events, employee programs, company culture on LinkedIn
   - Has employer certifications (Great Place to Work, Top Employers, Best Employer awards, Statista Best Employers)
   - Company values/mission mention ""people-first"", ""employee wellbeing"", ""great culture"", ""team development""
   - Lists non-salary benefits (wellness programs, mental health support, learning budgets, team activities, flexible work)

RETURN ""NO"" IF ANY OF THESE ARE TRUE:
1. Company has under 50 employees OR over 500 employees
2. Workforce is predominantly non-desk based:
   - Retail store employees
   - Field sales teams
   - Manufacturing floor workers
   - Delivery/logistics drivers
   - Hospitality/restaurant staff
   - Warehouse workers
   - Field technicians
3. Already has a comprehensive wellness platform (Virgin Pulse, Wellhub, Gympass, Limeade, or similar established program mentioned on website)
4. Is a direct competitor in corporate wellness/EAP/employee benefits space
5. Is an investment firm, holding company, venture capital, private equity, or asset management firm (not software/SaaS)
6. Is a pure consulting firm (professional services billed by the hour - McKinsey, Deloitte, Big 4 consulting)
7. Is in industries that don't fit:
   - Traditional retail (stores, e-commerce fulfillment)
   - Hospitality/hotels/restaurants
   - Transportation/logistics
   - Real estate agencies (field sales)
   - Construction
   - Traditional manufacturing (not tech-enabled)
   - Pure recruiting/staffing agencies
8. Zero evidence of caring about employee benefits/culture/wellbeing on website or LinkedIn

RETURN ""UNSURE - [reason]"" IF:
1. Cannot determine employee count - say ""UNSURE - cannot verify employee count""
2. Cannot determine if they're a software company vs services/consulting - say ""UNSURE - unclear if tech/SaaS or services""
3. Cannot find enough information about culture/benefits investment - say ""UNSURE - insufficient culture/benefits information""
4. Industry is borderline (e.g., tech-enabled but also has significant non-desk workforce) - say ""UNSURE - mixed workforce type""
5. Company appears to be in transition or restructuring - say ""UNSURE - company in transition""

Format examples:
- ""YES""
- ""NO""
- ""UNSURE - cannot verify employee count""
- ""UNSURE - insufficient culture/benefits information"""
Slovenia - Fintech,"Fintech, financial technology, and IT-enabled companies in Slovenia with 100-250 employees (priority) or 50-500 employees (secondary). Focus on companies with predominantly white-collar desk-based workforce.",Fintech,Slovenia,,,"Determine if this company is a good fit for Zen2Fit, a corporate wellness SaaS platform for employees.

Return ONLY ""YES"", ""NO"", or ""UNSURE - [reason]""

RETURN ""YES"" IF ALL OF THESE ARE TRUE:
1. Company's workforce is predominantly desk-based (office workers, knowledge workers, remote workers, software engineers, not retail branches, field sales, or manufacturing floor workers)
2. Company is in tech/SaaS/fintech/software/digital services/martech/devtools/insurtech/regtech
3. Company shows they invest in employee culture/benefits/wellbeing beyond salary - look for ANY of these signals:
   - Mentions employee benefits, perks, wellness programs, or culture on careers page
   - Posts about team events, employee programs, company culture on LinkedIn
   - Has employer certifications (Great Place to Work, Top Employers, Best Employer awards, Statista Best Employers)
   - Company values/mission mention ""people-first"", ""employee wellbeing"", ""great culture"", ""team development""
   - Lists non-salary benefits (wellness programs, mental health support, learning budgets, team activities, flexible work)

RETURN ""NO"" IF ANY OF THESE ARE TRUE:
1. Company has under 50 employees OR over 500 employees
2. Workforce is predominantly non-desk based:
   - Retail store employees
   - Field sales teams
   - Manufacturing floor workers
   - Delivery/logistics drivers
   - Hospitality/restaurant staff
   - Warehouse workers
   - Field technicians
3. Already has a comprehensive wellness platform (Virgin Pulse, Wellhub, Gympass, Limeade, or similar established program mentioned on website)
4. Is a direct competitor in corporate wellness/EAP/employee benefits space
5. Is an investment firm, holding company, venture capital, private equity, or asset management firm (not software/SaaS)
6. Is a pure consulting firm (professional services billed by the hour - McKinsey, Deloitte, Big 4 consulting)
7. Is in industries that don't fit:
   - Traditional retail (stores, e-commerce fulfillment)
   - Hospitality/hotels/restaurants
   - Transportation/logistics
   - Real estate agencies (field sales)
   - Construction
   - Traditional manufacturing (not tech-enabled)
   - Pure recruiting/staffing agencies
8. Zero evidence of caring about employee benefits/culture/wellbeing on website or LinkedIn

RETURN ""UNSURE - [reason]"" IF:
1. Cannot determine employee count - say ""UNSURE - cannot verify employee count""
2. Cannot determine if they're a software company vs services/consulting - say ""UNSURE - unclear if tech/SaaS or services""
3. Cannot find enough information about culture/benefits investment - say ""UNSURE - insufficient culture/benefits information""
4. Industry is borderline (e.g., tech-enabled but also has significant non-desk workforce) - say ""UNSURE - mixed workforce type""
5. Company appears to be in transition or restructuring - say ""UNSURE - company in transition""

Format examples:
- ""YES""
- ""NO""
- ""UNSURE - cannot verify employee count""
- ""UNSURE - insufficient culture/benefits information"""
Slovenia - Martech/DevTools,"Martech, Dev Tools, B2B SaaS, and IT-enabled companies in Slovenia with 100-250 employees (priority) or 50-500 employees (secondary). Focus on companies with predominantly white-collar desk-based workforce.",Martech / Dev Tools / B2B SaaS,Slovenia,,,"Determine if this company is a good fit for Zen2Fit, a corporate wellness SaaS platform for employees.

Return ONLY ""YES"", ""NO"", or ""UNSURE - [reason]""

RETURN ""YES"" IF ALL OF THESE ARE TRUE:
1. Company's workforce is predominantly desk-based (office workers, knowledge workers, remote workers, software engineers, not retail branches, field sales, or manufacturing floor workers)
2. Company is in tech/SaaS/fintech/software/digital services/martech/devtools/insurtech/regtech
3. Company shows they invest in employee culture/benefits/wellbeing beyond salary - look for ANY of these signals:
   - Mentions employee benefits, perks, wellness programs, or culture on careers page
   - Posts about team events, employee programs, company culture on LinkedIn
   - Has employer certifications (Great Place to Work, Top Employers, Best Employer awards, Statista Best Employers)
   - Company values/mission mention ""people-first"", ""employee wellbeing"", ""great culture"", ""team development""
   - Lists non-salary benefits (wellness programs, mental health support, learning budgets, team activities, flexible work)

RETURN ""NO"" IF ANY OF THESE ARE TRUE:
1. Company has under 50 employees OR over 500 employees
2. Workforce is predominantly non-desk based:
   - Retail store employees
   - Field sales teams
   - Manufacturing floor workers
   - Delivery/logistics drivers
   - Hospitality/restaurant staff
   - Warehouse workers
   - Field technicians
3. Already has a comprehensive wellness platform (Virgin Pulse, Wellhub, Gympass, Limeade, or similar established program mentioned on website)
4. Is a direct competitor in corporate wellness/EAP/employee benefits space
5. Is an investment firm, holding company, venture capital, private equity, or asset management firm (not software/SaaS)
6. Is a pure consulting firm (professional services billed by the hour - McKinsey, Deloitte, Big 4 consulting)
7. Is in industries that don't fit:
   - Traditional retail (stores, e-commerce fulfillment)
   - Hospitality/hotels/restaurants
   - Transportation/logistics
   - Real estate agencies (field sales)
   - Construction
   - Traditional manufacturing (not tech-enabled)
   - Pure recruiting/staffing agencies
8. Zero evidence of caring about employee benefits/culture/wellbeing on website or LinkedIn

RETURN ""UNSURE - [reason]"" IF:
1. Cannot determine employee count - say ""UNSURE - cannot verify employee count""
2. Cannot determine if they're a software company vs services/consulting - say ""UNSURE - unclear if tech/SaaS or services""
3. Cannot find enough information about culture/benefits investment - say ""UNSURE - insufficient culture/benefits information""
4. Industry is borderline (e.g., tech-enabled but also has significant non-desk workforce) - say ""UNSURE - mixed workforce type""
5. Company appears to be in transition or restructuring - say ""UNSURE - company in transition""

Format examples:
- ""YES""
- ""NO""
- ""UNSURE - cannot verify employee count""
- ""UNSURE - insufficient culture/benefits information"""
Hungary - Tech/SaaS,"Tech, SaaS, Software, and IT-enabled companies in Hungary with 100-250 employees (priority) or 50-500 employees (secondary). Focus on companies with predominantly white-collar desk-based workforce.",Tech / SaaS / Software,Hungary,,,"Determine if this company is a good fit for Zen2Fit, a corporate wellness SaaS platform for employees.

Return ONLY ""YES"", ""NO"", or ""UNSURE - [reason]""

RETURN ""YES"" IF ALL OF THESE ARE TRUE:
1. Company's workforce is predominantly desk-based (office workers, knowledge workers, remote workers, software engineers, not retail branches, field sales, or manufacturing floor workers)
2. Company is in tech/SaaS/fintech/software/digital services/martech/devtools/insurtech/regtech
3. Company shows they invest in employee culture/benefits/wellbeing beyond salary - look for ANY of these signals:
   - Mentions employee benefits, perks, wellness programs, or culture on careers page
   - Posts about team events, employee programs, company culture on LinkedIn
   - Has employer certifications (Great Place to Work, Top Employers, Best Employer awards, Statista Best Employers)
   - Company values/mission mention ""people-first"", ""employee wellbeing"", ""great culture"", ""team development""
   - Lists non-salary benefits (wellness programs, mental health support, learning budgets, team activities, flexible work)

RETURN ""NO"" IF ANY OF THESE ARE TRUE:
1. Company has under 50 employees OR over 500 employees
2. Workforce is predominantly non-desk based:
   - Retail store employees
   - Field sales teams
   - Manufacturing floor workers
   - Delivery/logistics drivers
   - Hospitality/restaurant staff
   - Warehouse workers
   - Field technicians
3. Already has a comprehensive wellness platform (Virgin Pulse, Wellhub, Gympass, Limeade, or similar established program mentioned on website)
4. Is a direct competitor in corporate wellness/EAP/employee benefits space
5. Is an investment firm, holding company, venture capital, private equity, or asset management firm (not software/SaaS)
6. Is a pure consulting firm (professional services billed by the hour - McKinsey, Deloitte, Big 4 consulting)
7. Is in industries that don't fit:
   - Traditional retail (stores, e-commerce fulfillment)
   - Hospitality/hotels/restaurants
   - Transportation/logistics
   - Real estate agencies (field sales)
   - Construction
   - Traditional manufacturing (not tech-enabled)
   - Pure recruiting/staffing agencies
8. Zero evidence of caring about employee benefits/culture/wellbeing on website or LinkedIn

RETURN ""UNSURE - [reason]"" IF:
1. Cannot determine employee count - say ""UNSURE - cannot verify employee count""
2. Cannot determine if they're a software company vs services/consulting - say ""UNSURE - unclear if tech/SaaS or services""
3. Cannot find enough information about culture/benefits investment - say ""UNSURE - insufficient culture/benefits information""
4. Industry is borderline (e.g., tech-enabled but also has significant non-desk workforce) - say ""UNSURE - mixed workforce type""
5. Company appears to be in transition or restructuring - say ""UNSURE - company in transition""

Format examples:
- ""YES""
- ""NO""
- ""UNSURE - cannot verify employee count""
- ""UNSURE - insufficient culture/benefits information"""
Hungary - Fintech,"Fintech, financial technology, and IT-enabled companies in Hungary with 100-250 employees (priority) or 50-500 employees (secondary). Focus on companies with predominantly white-collar desk-based workforce.",Fintech,Hungary,,,"Determine if this company is a good fit for Zen2Fit, a corporate wellness SaaS platform for employees.

Return ONLY ""YES"", ""NO"", or ""UNSURE - [reason]""

RETURN ""YES"" IF ALL OF THESE ARE TRUE:
1. Company's workforce is predominantly desk-based (office workers, knowledge workers, remote workers, software engineers, not retail branches, field sales, or manufacturing floor workers)
2. Company is in tech/SaaS/fintech/software/digital services/martech/devtools/insurtech/regtech
3. Company shows they invest in employee culture/benefits/wellbeing beyond salary - look for ANY of these signals:
   - Mentions employee benefits, perks, wellness programs, or culture on careers page
   - Posts about team events, employee programs, company culture on LinkedIn
   - Has employer certifications (Great Place to Work, Top Employers, Best Employer awards, Statista Best Employers)
   - Company values/mission mention ""people-first"", ""employee wellbeing"", ""great culture"", ""team development""
   - Lists non-salary benefits (wellness programs, mental health support, learning budgets, team activities, flexible work)

RETURN ""NO"" IF ANY OF THESE ARE TRUE:
1. Company has under 50 employees OR over 500 employees
2. Workforce is predominantly non-desk based:
   - Retail store employees
   - Field sales teams
   - Manufacturing floor workers
   - Delivery/logistics drivers
   - Hospitality/restaurant staff
   - Warehouse workers
   - Field technicians
3. Already has a comprehensive wellness platform (Virgin Pulse, Wellhub, Gympass, Limeade, or similar established program mentioned on website)
4. Is a direct competitor in corporate wellness/EAP/employee benefits space
5. Is an investment firm, holding company, venture capital, private equity, or asset management firm (not software/SaaS)
6. Is a pure consulting firm (professional services billed by the hour - McKinsey, Deloitte, Big 4 consulting)
7. Is in industries that don't fit:
   - Traditional retail (stores, e-commerce fulfillment)
   - Hospitality/hotels/restaurants
   - Transportation/logistics
   - Real estate agencies (field sales)
   - Construction
   - Traditional manufacturing (not tech-enabled)
   - Pure recruiting/staffing agencies
8. Zero evidence of caring about employee benefits/culture/wellbeing on website or LinkedIn

RETURN ""UNSURE - [reason]"" IF:
1. Cannot determine employee count - say ""UNSURE - cannot verify employee count""
2. Cannot determine if they're a software company vs services/consulting - say ""UNSURE - unclear if tech/SaaS or services""
3. Cannot find enough information about culture/benefits investment - say ""UNSURE - insufficient culture/benefits information""
4. Industry is borderline (e.g., tech-enabled but also has significant non-desk workforce) - say ""UNSURE - mixed workforce type""
5. Company appears to be in transition or restructuring - say ""UNSURE - company in transition""

Format examples:
- ""YES""
- ""NO""
- ""UNSURE - cannot verify employee count""
- ""UNSURE - insufficient culture/benefits information"""
Hungary - Martech/DevTools,"Martech, Dev Tools, B2B SaaS, and IT-enabled companies in Hungary with 100-250 employees (priority) or 50-500 employees (secondary). Focus on companies with predominantly white-collar desk-based workforce.",Martech / Dev Tools / B2B SaaS,Hungary,,,"Determine if this company is a good fit for Zen2Fit, a corporate wellness SaaS platform for employees.

Return ONLY ""YES"", ""NO"", or ""UNSURE - [reason]""

RETURN ""YES"" IF ALL OF THESE ARE TRUE:
1. Company's workforce is predominantly desk-based (office workers, knowledge workers, remote workers, software engineers, not retail branches, field sales, or manufacturing floor workers)
2. Company is in tech/SaaS/fintech/software/digital services/martech/devtools/insurtech/regtech
3. Company shows they invest in employee culture/benefits/wellbeing beyond salary - look for ANY of these signals:
   - Mentions employee benefits, perks, wellness programs, or culture on careers page
   - Posts about team events, employee programs, company culture on LinkedIn
   - Has employer certifications (Great Place to Work, Top Employers, Best Employer awards, Statista Best Employers)
   - Company values/mission mention ""people-first"", ""employee wellbeing"", ""great culture"", ""team development""
   - Lists non-salary benefits (wellness programs, mental health support, learning budgets, team activities, flexible work)

RETURN ""NO"" IF ANY OF THESE ARE TRUE:
1. Company has under 50 employees OR over 500 employees
2. Workforce is predominantly non-desk based:
   - Retail store employees
   - Field sales teams
   - Manufacturing floor workers
   - Delivery/logistics drivers
   - Hospitality/restaurant staff
   - Warehouse workers
   - Field technicians
3. Already has a comprehensive wellness platform (Virgin Pulse, Wellhub, Gympass, Limeade, or similar established program mentioned on website)
4. Is a direct competitor in corporate wellness/EAP/employee benefits space
5. Is an investment firm, holding company, venture capital, private equity, or asset management firm (not software/SaaS)
6. Is a pure consulting firm (professional services billed by the hour - McKinsey, Deloitte, Big 4 consulting)
7. Is in industries that don't fit:
   - Traditional retail (stores, e-commerce fulfillment)
   - Hospitality/hotels/restaurants
   - Transportation/logistics
   - Real estate agencies (field sales)
   - Construction
   - Traditional manufacturing (not tech-enabled)
   - Pure recruiting/staffing agencies
8. Zero evidence of caring about employee benefits/culture/wellbeing on website or LinkedIn

RETURN ""UNSURE - [reason]"" IF:
1. Cannot determine employee count - say ""UNSURE - cannot verify employee count""
2. Cannot determine if they're a software company vs services/consulting - say ""UNSURE - unclear if tech/SaaS or services""
3. Cannot find enough information about culture/benefits investment - say ""UNSURE - insufficient culture/benefits information""
4. Industry is borderline (e.g., tech-enabled but also has significant non-desk workforce) - say ""UNSURE - mixed workforce type""
5. Company appears to be in transition or restructuring - say ""UNSURE - company in transition""

Format examples:
- ""YES""
- ""NO""
- ""UNSURE - cannot verify employee count""
- ""UNSURE - insufficient culture/benefits information"""
Poland - Tech/SaaS,"Tech, SaaS, Software, and IT-enabled companies in Poland with 100-250 employees (priority) or 50-500 employees (secondary). Focus on companies with predominantly white-collar desk-based workforce.",Tech / SaaS / Software,Poland,,,"Determine if this company is a good fit for Zen2Fit, a corporate wellness SaaS platform for employees.

Return ONLY ""YES"", ""NO"", or ""UNSURE - [reason]""

RETURN ""YES"" IF ALL OF THESE ARE TRUE:
1. Company's workforce is predominantly desk-based (office workers, knowledge workers, remote workers, software engineers, not retail branches, field sales, or manufacturing floor workers)
2. Company is in tech/SaaS/fintech/software/digital services/martech/devtools/insurtech/regtech
3. Company shows they invest in employee culture/benefits/wellbeing beyond salary - look for ANY of these signals:
   - Mentions employee benefits, perks, wellness programs, or culture on careers page
   - Posts about team events, employee programs, company culture on LinkedIn
   - Has employer certifications (Great Place to Work, Top Employers, Best Employer awards, Statista Best Employers)
   - Company values/mission mention ""people-first"", ""employee wellbeing"", ""great culture"", ""team development""
   - Lists non-salary benefits (wellness programs, mental health support, learning budgets, team activities, flexible work)

RETURN ""NO"" IF ANY OF THESE ARE TRUE:
1. Company has under 50 employees OR over 500 employees
2. Workforce is predominantly non-desk based:
   - Retail store employees
   - Field sales teams
   - Manufacturing floor workers
   - Delivery/logistics drivers
   - Hospitality/restaurant staff
   - Warehouse workers
   - Field technicians
3. Already has a comprehensive wellness platform (Virgin Pulse, Wellhub, Gympass, Limeade, or similar established program mentioned on website)
4. Is a direct competitor in corporate wellness/EAP/employee benefits space
5. Is an investment firm, holding company, venture capital, private equity, or asset management firm (not software/SaaS)
6. Is a pure consulting firm (professional services billed by the hour - McKinsey, Deloitte, Big 4 consulting)
7. Is in industries that don't fit:
   - Traditional retail (stores, e-commerce fulfillment)
   - Hospitality/hotels/restaurants
   - Transportation/logistics
   - Real estate agencies (field sales)
   - Construction
   - Traditional manufacturing (not tech-enabled)
   - Pure recruiting/staffing agencies
8. Zero evidence of caring about employee benefits/culture/wellbeing on website or LinkedIn

RETURN ""UNSURE - [reason]"" IF:
1. Cannot determine employee count - say ""UNSURE - cannot verify employee count""
2. Cannot determine if they're a software company vs services/consulting - say ""UNSURE - unclear if tech/SaaS or services""
3. Cannot find enough information about culture/benefits investment - say ""UNSURE - insufficient culture/benefits information""
4. Industry is borderline (e.g., tech-enabled but also has significant non-desk workforce) - say ""UNSURE - mixed workforce type""
5. Company appears to be in transition or restructuring - say ""UNSURE - company in transition""

Format examples:
- ""YES""
- ""NO""
- ""UNSURE - cannot verify employee count""
- ""UNSURE - insufficient culture/benefits information"""
Poland - Fintech,"Fintech, financial technology, and IT-enabled companies in Poland with 100-250 employees (priority) or 50-500 employees (secondary). Focus on companies with predominantly white-collar desk-based workforce.",Fintech,Poland,,,"Determine if this company is a good fit for Zen2Fit, a corporate wellness SaaS platform for employees.

Return ONLY ""YES"", ""NO"", or ""UNSURE - [reason]""

RETURN ""YES"" IF ALL OF THESE ARE TRUE:
1. Company's workforce is predominantly desk-based (office workers, knowledge workers, remote workers, software engineers, not retail branches, field sales, or manufacturing floor workers)
2. Company is in tech/SaaS/fintech/software/digital services/martech/devtools/insurtech/regtech
3. Company shows they invest in employee culture/benefits/wellbeing beyond salary - look for ANY of these signals:
   - Mentions employee benefits, perks, wellness programs, or culture on careers page
   - Posts about team events, employee programs, company culture on LinkedIn
   - Has employer certifications (Great Place to Work, Top Employers, Best Employer awards, Statista Best Employers)
   - Company values/mission mention ""people-first"", ""employee wellbeing"", ""great culture"", ""team development""
   - Lists non-salary benefits (wellness programs, mental health support, learning budgets, team activities, flexible work)

RETURN ""NO"" IF ANY OF THESE ARE TRUE:
1. Company has under 50 employees OR over 500 employees
2. Workforce is predominantly non-desk based:
   - Retail store employees
   - Field sales teams
   - Manufacturing floor workers
   - Delivery/logistics drivers
   - Hospitality/restaurant staff
   - Warehouse workers
   - Field technicians
3. Already has a comprehensive wellness platform (Virgin Pulse, Wellhub, Gympass, Limeade, or similar established program mentioned on website)
4. Is a direct competitor in corporate wellness/EAP/employee benefits space
5. Is an investment firm, holding company, venture capital, private equity, or asset management firm (not software/SaaS)
6. Is a pure consulting firm (professional services billed by the hour - McKinsey, Deloitte, Big 4 consulting)
7. Is in industries that don't fit:
   - Traditional retail (stores, e-commerce fulfillment)
   - Hospitality/hotels/restaurants
   - Transportation/logistics
   - Real estate agencies (field sales)
   - Construction
   - Traditional manufacturing (not tech-enabled)
   - Pure recruiting/staffing agencies
8. Zero evidence of caring about employee benefits/culture/wellbeing on website or LinkedIn

RETURN ""UNSURE - [reason]"" IF:
1. Cannot determine employee count - say ""UNSURE - cannot verify employee count""
2. Cannot determine if they're a software company vs services/consulting - say ""UNSURE - unclear if tech/SaaS or services""
3. Cannot find enough information about culture/benefits investment - say ""UNSURE - insufficient culture/benefits information""
4. Industry is borderline (e.g., tech-enabled but also has significant non-desk workforce) - say ""UNSURE - mixed workforce type""
5. Company appears to be in transition or restructuring - say ""UNSURE - company in transition""

Format examples:
- ""YES""
- ""NO""
- ""UNSURE - cannot verify employee count""
- ""UNSURE - insufficient culture/benefits information"""
Poland - Martech/DevTools,"Martech, Dev Tools, B2B SaaS, and IT-enabled companies in Poland with 100-250 employees (priority) or 50-500 employees (secondary). Focus on companies with predominantly white-collar desk-based workforce.",Martech / Dev Tools / B2B SaaS,Poland,,,"Determine if this company is a good fit for Zen2Fit, a corporate wellness SaaS platform for employees.

Return ONLY ""YES"", ""NO"", or ""UNSURE - [reason]""

RETURN ""YES"" IF ALL OF THESE ARE TRUE:
1. Company's workforce is predominantly desk-based (office workers, knowledge workers, remote workers, software engineers, not retail branches, field sales, or manufacturing floor workers)
2. Company is in tech/SaaS/fintech/software/digital services/martech/devtools/insurtech/regtech
3. Company shows they invest in employee culture/benefits/wellbeing beyond salary - look for ANY of these signals:
   - Mentions employee benefits, perks, wellness programs, or culture on careers page
   - Posts about team events, employee programs, company culture on LinkedIn
   - Has employer certifications (Great Place to Work, Top Employers, Best Employer awards, Statista Best Employers)
   - Company values/mission mention ""people-first"", ""employee wellbeing"", ""great culture"", ""team development""
   - Lists non-salary benefits (wellness programs, mental health support, learning budgets, team activities, flexible work)

RETURN ""NO"" IF ANY OF THESE ARE TRUE:
1. Company has under 50 employees OR over 500 employees
2. Workforce is predominantly non-desk based:
   - Retail store employees
   - Field sales teams
   - Manufacturing floor workers
   - Delivery/logistics drivers
   - Hospitality/restaurant staff
   - Warehouse workers
   - Field technicians
3. Already has a comprehensive wellness platform (Virgin Pulse, Wellhub, Gympass, Limeade, or similar established program mentioned on website)
4. Is a direct competitor in corporate wellness/EAP/employee benefits space
5. Is an investment firm, holding company, venture capital, private equity, or asset management firm (not software/SaaS)
6. Is a pure consulting firm (professional services billed by the hour - McKinsey, Deloitte, Big 4 consulting)
7. Is in industries that don't fit:
   - Traditional retail (stores, e-commerce fulfillment)
   - Hospitality/hotels/restaurants
   - Transportation/logistics
   - Real estate agencies (field sales)
   - Construction
   - Traditional manufacturing (not tech-enabled)
   - Pure recruiting/staffing agencies
8. Zero evidence of caring about employee benefits/culture/wellbeing on website or LinkedIn

RETURN ""UNSURE - [reason]"" IF:
1. Cannot determine employee count - say ""UNSURE - cannot verify employee count""
2. Cannot determine if they're a software company vs services/consulting - say ""UNSURE - unclear if tech/SaaS or services""
3. Cannot find enough information about culture/benefits investment - say ""UNSURE - insufficient culture/benefits information""
4. Industry is borderline (e.g., tech-enabled but also has significant non-desk workforce) - say ""UNSURE - mixed workforce type""
5. Company appears to be in transition or restructuring - say ""UNSURE - company in transition""

Format examples:
- ""YES""
- ""NO""
- ""UNSURE - cannot verify employee count""
- ""UNSURE - insufficient culture/benefits information"""
Denmark - Tech/SaaS,"Tech, SaaS, Software, and IT-enabled companies in Denmark with 100-250 employees (priority) or 50-500 employees (secondary). Focus on companies with predominantly white-collar desk-based workforce.",Tech / SaaS / Software,Denmark,,,"Determine if this company is a good fit for Zen2Fit, a corporate wellness SaaS platform for employees.

Return ONLY ""YES"", ""NO"", or ""UNSURE - [reason]""

RETURN ""YES"" IF ALL OF THESE ARE TRUE:
1. Company's workforce is predominantly desk-based (office workers, knowledge workers, remote workers, software engineers, not retail branches, field sales, or manufacturing floor workers)
2. Company is in tech/SaaS/fintech/software/digital services/martech/devtools/insurtech/regtech
3. Company shows they invest in employee culture/benefits/wellbeing beyond salary - look for ANY of these signals:
   - Mentions employee benefits, perks, wellness programs, or culture on careers page
   - Posts about team events, employee programs, company culture on LinkedIn
   - Has employer certifications (Great Place to Work, Top Employers, Best Employer awards, Statista Best Employers)
   - Company values/mission mention ""people-first"", ""employee wellbeing"", ""great culture"", ""team development""
   - Lists non-salary benefits (wellness programs, mental health support, learning budgets, team activities, flexible work)

RETURN ""NO"" IF ANY OF THESE ARE TRUE:
1. Company has under 50 employees OR over 500 employees
2. Workforce is predominantly non-desk based:
   - Retail store employees
   - Field sales teams
   - Manufacturing floor workers
   - Delivery/logistics drivers
   - Hospitality/restaurant staff
   - Warehouse workers
   - Field technicians
3. Already has a comprehensive wellness platform (Virgin Pulse, Wellhub, Gympass, Limeade, or similar established program mentioned on website)
4. Is a direct competitor in corporate wellness/EAP/employee benefits space
5. Is an investment firm, holding company, venture capital, private equity, or asset management firm (not software/SaaS)
6. Is a pure consulting firm (professional services billed by the hour - McKinsey, Deloitte, Big 4 consulting)
7. Is in industries that don't fit:
   - Traditional retail (stores, e-commerce fulfillment)
   - Hospitality/hotels/restaurants
   - Transportation/logistics
   - Real estate agencies (field sales)
   - Construction
   - Traditional manufacturing (not tech-enabled)
   - Pure recruiting/staffing agencies
8. Zero evidence of caring about employee benefits/culture/wellbeing on website or LinkedIn

RETURN ""UNSURE - [reason]"" IF:
1. Cannot determine employee count - say ""UNSURE - cannot verify employee count""
2. Cannot determine if they're a software company vs services/consulting - say ""UNSURE - unclear if tech/SaaS or services""
3. Cannot find enough information about culture/benefits investment - say ""UNSURE - insufficient culture/benefits information""
4. Industry is borderline (e.g., tech-enabled but also has significant non-desk workforce) - say ""UNSURE - mixed workforce type""
5. Company appears to be in transition or restructuring - say ""UNSURE - company in transition""

Format examples:
- ""YES""
- ""NO""
- ""UNSURE - cannot verify employee count""
- ""UNSURE - insufficient culture/benefits information"""
Denmark - Fintech,"Fintech, financial technology, and IT-enabled companies in Denmark with 100-250 employees (priority) or 50-500 employees (secondary). Focus on companies with predominantly white-collar desk-based workforce.",Fintech,Denmark,,,"Determine if this company is a good fit for Zen2Fit, a corporate wellness SaaS platform for employees.

Return ONLY ""YES"", ""NO"", or ""UNSURE - [reason]""

RETURN ""YES"" IF ALL OF THESE ARE TRUE:
1. Company's workforce is predominantly desk-based (office workers, knowledge workers, remote workers, software engineers, not retail branches, field sales, or manufacturing floor workers)
2. Company is in tech/SaaS/fintech/software/digital services/martech/devtools/insurtech/regtech
3. Company shows they invest in employee culture/benefits/wellbeing beyond salary - look for ANY of these signals:
   - Mentions employee benefits, perks, wellness programs, or culture on careers page
   - Posts about team events, employee programs, company culture on LinkedIn
   - Has employer certifications (Great Place to Work, Top Employers, Best Employer awards, Statista Best Employers)
   - Company values/mission mention ""people-first"", ""employee wellbeing"", ""great culture"", ""team development""
   - Lists non-salary benefits (wellness programs, mental health support, learning budgets, team activities, flexible work)

RETURN ""NO"" IF ANY OF THESE ARE TRUE:
1. Company has under 50 employees OR over 500 employees
2. Workforce is predominantly non-desk based:
   - Retail store employees
   - Field sales teams
   - Manufacturing floor workers
   - Delivery/logistics drivers
   - Hospitality/restaurant staff
   - Warehouse workers
   - Field technicians
3. Already has a comprehensive wellness platform (Virgin Pulse, Wellhub, Gympass, Limeade, or similar established program mentioned on website)
4. Is a direct competitor in corporate wellness/EAP/employee benefits space
5. Is an investment firm, holding company, venture capital, private equity, or asset management firm (not software/SaaS)
6. Is a pure consulting firm (professional services billed by the hour - McKinsey, Deloitte, Big 4 consulting)
7. Is in industries that don't fit:
   - Traditional retail (stores, e-commerce fulfillment)
   - Hospitality/hotels/restaurants
   - Transportation/logistics
   - Real estate agencies (field sales)
   - Construction
   - Traditional manufacturing (not tech-enabled)
   - Pure recruiting/staffing agencies
8. Zero evidence of caring about employee benefits/culture/wellbeing on website or LinkedIn

RETURN ""UNSURE - [reason]"" IF:
1. Cannot determine employee count - say ""UNSURE - cannot verify employee count""
2. Cannot determine if they're a software company vs services/consulting - say ""UNSURE - unclear if tech/SaaS or services""
3. Cannot find enough information about culture/benefits investment - say ""UNSURE - insufficient culture/benefits information""
4. Industry is borderline (e.g., tech-enabled but also has significant non-desk workforce) - say ""UNSURE - mixed workforce type""
5. Company appears to be in transition or restructuring - say ""UNSURE - company in transition""

Format examples:
- ""YES""
- ""NO""
- ""UNSURE - cannot verify employee count""
- ""UNSURE - insufficient culture/benefits information"""
Denmark - Martech/DevTools,"Martech, Dev Tools, B2B SaaS, and IT-enabled companies in Denmark with 100-250 employees (priority) or 50-500 employees (secondary). Focus on companies with predominantly white-collar desk-based workforce.",Martech / Dev Tools / B2B SaaS,Denmark,,,"Determine if this company is a good fit for Zen2Fit, a corporate wellness SaaS platform for employees.

Return ONLY ""YES"", ""NO"", or ""UNSURE - [reason]""

RETURN ""YES"" IF ALL OF THESE ARE TRUE:
1. Company's workforce is predominantly desk-based (office workers, knowledge workers, remote workers, software engineers, not retail branches, field sales, or manufacturing floor workers)
2. Company is in tech/SaaS/fintech/software/digital services/martech/devtools/insurtech/regtech
3. Company shows they invest in employee culture/benefits/wellbeing beyond salary - look for ANY of these signals:
   - Mentions employee benefits, perks, wellness programs, or culture on careers page
   - Posts about team events, employee programs, company culture on LinkedIn
   - Has employer certifications (Great Place to Work, Top Employers, Best Employer awards, Statista Best Employers)
   - Company values/mission mention ""people-first"", ""employee wellbeing"", ""great culture"", ""team development""
   - Lists non-salary benefits (wellness programs, mental health support, learning budgets, team activities, flexible work)

RETURN ""NO"" IF ANY OF THESE ARE TRUE:
1. Company has under 50 employees OR over 500 employees
2. Workforce is predominantly non-desk based:
   - Retail store employees
   - Field sales teams
   - Manufacturing floor workers
   - Delivery/logistics drivers
   - Hospitality/restaurant staff
   - Warehouse workers
   - Field technicians
3. Already has a comprehensive wellness platform (Virgin Pulse, Wellhub, Gympass, Limeade, or similar established program mentioned on website)
4. Is a direct competitor in corporate wellness/EAP/employee benefits space
5. Is an investment firm, holding company, venture capital, private equity, or asset management firm (not software/SaaS)
6. Is a pure consulting firm (professional services billed by the hour - McKinsey, Deloitte, Big 4 consulting)
7. Is in industries that don't fit:
   - Traditional retail (stores, e-commerce fulfillment)
   - Hospitality/hotels/restaurants
   - Transportation/logistics
   - Real estate agencies (field sales)
   - Construction
   - Traditional manufacturing (not tech-enabled)
   - Pure recruiting/staffing agencies
8. Zero evidence of caring about employee benefits/culture/wellbeing on website or LinkedIn

RETURN ""UNSURE - [reason]"" IF:
1. Cannot determine employee count - say ""UNSURE - cannot verify employee count""
2. Cannot determine if they're a software company vs services/consulting - say ""UNSURE - unclear if tech/SaaS or services""
3. Cannot find enough information about culture/benefits investment - say ""UNSURE - insufficient culture/benefits information""
4. Industry is borderline (e.g., tech-enabled but also has significant non-desk workforce) - say ""UNSURE - mixed workforce type""
5. Company appears to be in transition or restructuring - say ""UNSURE - company in transition""

Format examples:
- ""YES""
- ""NO""
- ""UNSURE - cannot verify employee count""
- ""UNSURE - insufficient culture/benefits information"""
Norway - Tech/SaaS,"Tech, SaaS, Software, and IT-enabled companies in Norway with 100-250 employees (priority) or 50-500 employees (secondary). Focus on companies with predominantly white-collar desk-based workforce.",Tech / SaaS / Software,Norway,,,"Determine if this company is a good fit for Zen2Fit, a corporate wellness SaaS platform for employees.

Return ONLY ""YES"", ""NO"", or ""UNSURE - [reason]""

RETURN ""YES"" IF ALL OF THESE ARE TRUE:
1. Company's workforce is predominantly desk-based (office workers, knowledge workers, remote workers, software engineers, not retail branches, field sales, or manufacturing floor workers)
2. Company is in tech/SaaS/fintech/software/digital services/martech/devtools/insurtech/regtech
3. Company shows they invest in employee culture/benefits/wellbeing beyond salary - look for ANY of these signals:
   - Mentions employee benefits, perks, wellness programs, or culture on careers page
   - Posts about team events, employee programs, company culture on LinkedIn
   - Has employer certifications (Great Place to Work, Top Employers, Best Employer awards, Statista Best Employers)
   - Company values/mission mention ""people-first"", ""employee wellbeing"", ""great culture"", ""team development""
   - Lists non-salary benefits (wellness programs, mental health support, learning budgets, team activities, flexible work)

RETURN ""NO"" IF ANY OF THESE ARE TRUE:
1. Company has under 50 employees OR over 500 employees
2. Workforce is predominantly non-desk based:
   - Retail store employees
   - Field sales teams
   - Manufacturing floor workers
   - Delivery/logistics drivers
   - Hospitality/restaurant staff
   - Warehouse workers
   - Field technicians
3. Already has a comprehensive wellness platform (Virgin Pulse, Wellhub, Gympass, Limeade, or similar established program mentioned on website)
4. Is a direct competitor in corporate wellness/EAP/employee benefits space
5. Is an investment firm, holding company, venture capital, private equity, or asset management firm (not software/SaaS)
6. Is a pure consulting firm (professional services billed by the hour - McKinsey, Deloitte, Big 4 consulting)
7. Is in industries that don't fit:
   - Traditional retail (stores, e-commerce fulfillment)
   - Hospitality/hotels/restaurants
   - Transportation/logistics
   - Real estate agencies (field sales)
   - Construction
   - Traditional manufacturing (not tech-enabled)
   - Pure recruiting/staffing agencies
8. Zero evidence of caring about employee benefits/culture/wellbeing on website or LinkedIn

RETURN ""UNSURE - [reason]"" IF:
1. Cannot determine employee count - say ""UNSURE - cannot verify employee count""
2. Cannot determine if they're a software company vs services/consulting - say ""UNSURE - unclear if tech/SaaS or services""
3. Cannot find enough information about culture/benefits investment - say ""UNSURE - insufficient culture/benefits information""
4. Industry is borderline (e.g., tech-enabled but also has significant non-desk workforce) - say ""UNSURE - mixed workforce type""
5. Company appears to be in transition or restructuring - say ""UNSURE - company in transition""

Format examples:
- ""YES""
- ""NO""
- ""UNSURE - cannot verify employee count""
- ""UNSURE - insufficient culture/benefits information"""
Norway - Fintech,"Fintech, financial technology, and IT-enabled companies in Norway with 100-250 employees (priority) or 50-500 employees (secondary). Focus on companies with predominantly white-collar desk-based workforce.",Fintech,Norway,,,"Determine if this company is a good fit for Zen2Fit, a corporate wellness SaaS platform for employees.

Return ONLY ""YES"", ""NO"", or ""UNSURE - [reason]""

RETURN ""YES"" IF ALL OF THESE ARE TRUE:
1. Company's workforce is predominantly desk-based (office workers, knowledge workers, remote workers, software engineers, not retail branches, field sales, or manufacturing floor workers)
2. Company is in tech/SaaS/fintech/software/digital services/martech/devtools/insurtech/regtech
3. Company shows they invest in employee culture/benefits/wellbeing beyond salary - look for ANY of these signals:
   - Mentions employee benefits, perks, wellness programs, or culture on careers page
   - Posts about team events, employee programs, company culture on LinkedIn
   - Has employer certifications (Great Place to Work, Top Employers, Best Employer awards, Statista Best Employers)
   - Company values/mission mention ""people-first"", ""employee wellbeing"", ""great culture"", ""team development""
   - Lists non-salary benefits (wellness programs, mental health support, learning budgets, team activities, flexible work)

RETURN ""NO"" IF ANY OF THESE ARE TRUE:
1. Company has under 50 employees OR over 500 employees
2. Workforce is predominantly non-desk based:
   - Retail store employees
   - Field sales teams
   - Manufacturing floor workers
   - Delivery/logistics drivers
   - Hospitality/restaurant staff
   - Warehouse workers
   - Field technicians
3. Already has a comprehensive wellness platform (Virgin Pulse, Wellhub, Gympass, Limeade, or similar established program mentioned on website)
4. Is a direct competitor in corporate wellness/EAP/employee benefits space
5. Is an investment firm, holding company, venture capital, private equity, or asset management firm (not software/SaaS)
6. Is a pure consulting firm (professional services billed by the hour - McKinsey, Deloitte, Big 4 consulting)
7. Is in industries that don't fit:
   - Traditional retail (stores, e-commerce fulfillment)
   - Hospitality/hotels/restaurants
   - Transportation/logistics
   - Real estate agencies (field sales)
   - Construction
   - Traditional manufacturing (not tech-enabled)
   - Pure recruiting/staffing agencies
8. Zero evidence of caring about employee benefits/culture/wellbeing on website or LinkedIn

RETURN ""UNSURE - [reason]"" IF:
1. Cannot determine employee count - say ""UNSURE - cannot verify employee count""
2. Cannot determine if they're a software company vs services/consulting - say ""UNSURE - unclear if tech/SaaS or services""
3. Cannot find enough information about culture/benefits investment - say ""UNSURE - insufficient culture/benefits information""
4. Industry is borderline (e.g., tech-enabled but also has significant non-desk workforce) - say ""UNSURE - mixed workforce type""
5. Company appears to be in transition or restructuring - say ""UNSURE - company in transition""

Format examples:
- ""YES""
- ""NO""
- ""UNSURE - cannot verify employee count""
- ""UNSURE - insufficient culture/benefits information"""
Norway - Martech/DevTools,"Martech, Dev Tools, B2B SaaS, and IT-enabled companies in Norway with 100-250 employees (priority) or 50-500 employees (secondary). Focus on companies with predominantly white-collar desk-based workforce.",Martech / Dev Tools / B2B SaaS,Norway,,,"Determine if this company is a good fit for Zen2Fit, a corporate wellness SaaS platform for employees.

Return ONLY ""YES"", ""NO"", or ""UNSURE - [reason]""

RETURN ""YES"" IF ALL OF THESE ARE TRUE:
1. Company's workforce is predominantly desk-based (office workers, knowledge workers, remote workers, software engineers, not retail branches, field sales, or manufacturing floor workers)
2. Company is in tech/SaaS/fintech/software/digital services/martech/devtools/insurtech/regtech
3. Company shows they invest in employee culture/benefits/wellbeing beyond salary - look for ANY of these signals:
   - Mentions employee benefits, perks, wellness programs, or culture on careers page
   - Posts about team events, employee programs, company culture on LinkedIn
   - Has employer certifications (Great Place to Work, Top Employers, Best Employer awards, Statista Best Employers)
   - Company values/mission mention ""people-first"", ""employee wellbeing"", ""great culture"", ""team development""
   - Lists non-salary benefits (wellness programs, mental health support, learning budgets, team activities, flexible work)

RETURN ""NO"" IF ANY OF THESE ARE TRUE:
1. Company has under 50 employees OR over 500 employees
2. Workforce is predominantly non-desk based:
   - Retail store employees
   - Field sales teams
   - Manufacturing floor workers
   - Delivery/logistics drivers
   - Hospitality/restaurant staff
   - Warehouse workers
   - Field technicians
3. Already has a comprehensive wellness platform (Virgin Pulse, Wellhub, Gympass, Limeade, or similar established program mentioned on website)
4. Is a direct competitor in corporate wellness/EAP/employee benefits space
5. Is an investment firm, holding company, venture capital, private equity, or asset management firm (not software/SaaS)
6. Is a pure consulting firm (professional services billed by the hour - McKinsey, Deloitte, Big 4 consulting)
7. Is in industries that don't fit:
   - Traditional retail (stores, e-commerce fulfillment)
   - Hospitality/hotels/restaurants
   - Transportation/logistics
   - Real estate agencies (field sales)
   - Construction
   - Traditional manufacturing (not tech-enabled)
   - Pure recruiting/staffing agencies
8. Zero evidence of caring about employee benefits/culture/wellbeing on website or LinkedIn

RETURN ""UNSURE - [reason]"" IF:
1. Cannot determine employee count - say ""UNSURE - cannot verify employee count""
2. Cannot determine if they're a software company vs services/consulting - say ""UNSURE - unclear if tech/SaaS or services""
3. Cannot find enough information about culture/benefits investment - say ""UNSURE - insufficient culture/benefits information""
4. Industry is borderline (e.g., tech-enabled but also has significant non-desk workforce) - say ""UNSURE - mixed workforce type""
5. Company appears to be in transition or restructuring - say ""UNSURE - company in transition""

Format examples:
- ""YES""
- ""NO""
- ""UNSURE - cannot verify employee count""
- ""UNSURE - insufficient culture/benefits information"""
Slovenia - New HR Leader,"Companies who hired a new HR Director, Head of People, CHRO, or People & Culture Lead in the past 3-6 months in Slovenia. Focus on Tech/SaaS/Fintech companies with 100-250 employees (priority) or 50-500 employees (secondary).",Tech / SaaS / Fintech (All),Slovenia,,,"Determine if this company is a good fit for Zen2Fit, a corporate wellness SaaS platform for employees.

Return ONLY ""YES"", ""NO"", or ""UNSURE - [reason]""

RETURN ""YES"" IF ALL OF THESE ARE TRUE:
1. Company's workforce is predominantly desk-based (office workers, knowledge workers, remote workers, software engineers, not retail branches, field sales, or manufacturing floor workers)
2. Company is in tech/SaaS/fintech/software/digital services/martech/devtools/insurtech/regtech
3. Company shows they invest in employee culture/benefits/wellbeing beyond salary - look for ANY of these signals:
   - Mentions employee benefits, perks, wellness programs, or culture on careers page
   - Posts about team events, employee programs, company culture on LinkedIn
   - Has employer certifications (Great Place to Work, Top Employers, Best Employer awards, Statista Best Employers)
   - Company values/mission mention ""people-first"", ""employee wellbeing"", ""great culture"", ""team development""
   - Lists non-salary benefits (wellness programs, mental health support, learning budgets, team activities, flexible work)

RETURN ""NO"" IF ANY OF THESE ARE TRUE:
1. Company has under 50 employees OR over 500 employees
2. Workforce is predominantly non-desk based:
   - Retail store employees
   - Field sales teams
   - Manufacturing floor workers
   - Delivery/logistics drivers
   - Hospitality/restaurant staff
   - Warehouse workers
   - Field technicians
3. Already has a comprehensive wellness platform (Virgin Pulse, Wellhub, Gympass, Limeade, or similar established program mentioned on website)
4. Is a direct competitor in corporate wellness/EAP/employee benefits space
5. Is an investment firm, holding company, venture capital, private equity, or asset management firm (not software/SaaS)
6. Is a pure consulting firm (professional services billed by the hour - McKinsey, Deloitte, Big 4 consulting)
7. Is in industries that don't fit:
   - Traditional retail (stores, e-commerce fulfillment)
   - Hospitality/hotels/restaurants
   - Transportation/logistics
   - Real estate agencies (field sales)
   - Construction
   - Traditional manufacturing (not tech-enabled)
   - Pure recruiting/staffing agencies
8. Zero evidence of caring about employee benefits/culture/wellbeing on website or LinkedIn

RETURN ""UNSURE - [reason]"" IF:
1. Cannot determine employee count - say ""UNSURE - cannot verify employee count""
2. Cannot determine if they're a software company vs services/consulting - say ""UNSURE - unclear if tech/SaaS or services""
3. Cannot find enough information about culture/benefits investment - say ""UNSURE - insufficient culture/benefits information""
4. Industry is borderline (e.g., tech-enabled but also has significant non-desk workforce) - say ""UNSURE - mixed workforce type""
5. Company appears to be in transition or restructuring - say ""UNSURE - company in transition""

Format examples:
- ""YES""
- ""NO""
- ""UNSURE - cannot verify employee count""
- ""UNSURE - insufficient culture/benefits information"""
Slovenia - Rapid Growth,Companies with 20%+ headcount growth in the past 12 months (rapid scaling teams) in Slovenia. Focus on Tech/SaaS/Fintech companies with 100-250 employees (priority) or 50-500 employees (secondary).,Tech / SaaS / Fintech (All),Slovenia,,,"Determine if this company is a good fit for Zen2Fit, a corporate wellness SaaS platform for employees.

Return ONLY ""YES"", ""NO"", or ""UNSURE - [reason]""

RETURN ""YES"" IF ALL OF THESE ARE TRUE:
1. Company's workforce is predominantly desk-based (office workers, knowledge workers, remote workers, software engineers, not retail branches, field sales, or manufacturing floor workers)
2. Company is in tech/SaaS/fintech/software/digital services/martech/devtools/insurtech/regtech
3. Company shows they invest in employee culture/benefits/wellbeing beyond salary - look for ANY of these signals:
   - Mentions employee benefits, perks, wellness programs, or culture on careers page
   - Posts about team events, employee programs, company culture on LinkedIn
   - Has employer certifications (Great Place to Work, Top Employers, Best Employer awards, Statista Best Employers)
   - Company values/mission mention ""people-first"", ""employee wellbeing"", ""great culture"", ""team development""
   - Lists non-salary benefits (wellness programs, mental health support, learning budgets, team activities, flexible work)

RETURN ""NO"" IF ANY OF THESE ARE TRUE:
1. Company has under 50 employees OR over 500 employees
2. Workforce is predominantly non-desk based:
   - Retail store employees
   - Field sales teams
   - Manufacturing floor workers
   - Delivery/logistics drivers
   - Hospitality/restaurant staff
   - Warehouse workers
   - Field technicians
3. Already has a comprehensive wellness platform (Virgin Pulse, Wellhub, Gympass, Limeade, or similar established program mentioned on website)
4. Is a direct competitor in corporate wellness/EAP/employee benefits space
5. Is an investment firm, holding company, venture capital, private equity, or asset management firm (not software/SaaS)
6. Is a pure consulting firm (professional services billed by the hour - McKinsey, Deloitte, Big 4 consulting)
7. Is in industries that don't fit:
   - Traditional retail (stores, e-commerce fulfillment)
   - Hospitality/hotels/restaurants
   - Transportation/logistics
   - Real estate agencies (field sales)
   - Construction
   - Traditional manufacturing (not tech-enabled)
   - Pure recruiting/staffing agencies
8. Zero evidence of caring about employee benefits/culture/wellbeing on website or LinkedIn

RETURN ""UNSURE - [reason]"" IF:
1. Cannot determine employee count - say ""UNSURE - cannot verify employee count""
2. Cannot determine if they're a software company vs services/consulting - say ""UNSURE - unclear if tech/SaaS or services""
3. Cannot find enough information about culture/benefits investment - say ""UNSURE - insufficient culture/benefits information""
4. Industry is borderline (e.g., tech-enabled but also has significant non-desk workforce) - say ""UNSURE - mixed workforce type""
5. Company appears to be in transition or restructuring - say ""UNSURE - company in transition""

Format examples:
- ""YES""
- ""NO""
- ""UNSURE - cannot verify employee count""
- ""UNSURE - insufficient culture/benefits information"""
Slovenia - Recent Funding,Companies who raised Series A/B/C funding in the past 12 months in Slovenia. Focus on Tech/SaaS/Fintech companies with 100-250 employees (priority) or 50-500 employees (secondary).,Tech / SaaS / Fintech (All),Slovenia,,,"Determine if this company is a good fit for Zen2Fit, a corporate wellness SaaS platform for employees.

Return ONLY ""YES"", ""NO"", or ""UNSURE - [reason]""

RETURN ""YES"" IF ALL OF THESE ARE TRUE:
1. Company's workforce is predominantly desk-based (office workers, knowledge workers, remote workers, software engineers, not retail branches, field sales, or manufacturing floor workers)
2. Company is in tech/SaaS/fintech/software/digital services/martech/devtools/insurtech/regtech
3. Company shows they invest in employee culture/benefits/wellbeing beyond salary - look for ANY of these signals:
   - Mentions employee benefits, perks, wellness programs, or culture on careers page
   - Posts about team events, employee programs, company culture on LinkedIn
   - Has employer certifications (Great Place to Work, Top Employers, Best Employer awards, Statista Best Employers)
   - Company values/mission mention ""people-first"", ""employee wellbeing"", ""great culture"", ""team development""
   - Lists non-salary benefits (wellness programs, mental health support, learning budgets, team activities, flexible work)

RETURN ""NO"" IF ANY OF THESE ARE TRUE:
1. Company has under 50 employees OR over 500 employees
2. Workforce is predominantly non-desk based:
   - Retail store employees
   - Field sales teams
   - Manufacturing floor workers
   - Delivery/logistics drivers
   - Hospitality/restaurant staff
   - Warehouse workers
   - Field technicians
3. Already has a comprehensive wellness platform (Virgin Pulse, Wellhub, Gympass, Limeade, or similar established program mentioned on website)
4. Is a direct competitor in corporate wellness/EAP/employee benefits space
5. Is an investment firm, holding company, venture capital, private equity, or asset management firm (not software/SaaS)
6. Is a pure consulting firm (professional services billed by the hour - McKinsey, Deloitte, Big 4 consulting)
7. Is in industries that don't fit:
   - Traditional retail (stores, e-commerce fulfillment)
   - Hospitality/hotels/restaurants
   - Transportation/logistics
   - Real estate agencies (field sales)
   - Construction
   - Traditional manufacturing (not tech-enabled)
   - Pure recruiting/staffing agencies
8. Zero evidence of caring about employee benefits/culture/wellbeing on website or LinkedIn

RETURN ""UNSURE - [reason]"" IF:
1. Cannot determine employee count - say ""UNSURE - cannot verify employee count""
2. Cannot determine if they're a software company vs services/consulting - say ""UNSURE - unclear if tech/SaaS or services""
3. Cannot find enough information about culture/benefits investment - say ""UNSURE - insufficient culture/benefits information""
4. Industry is borderline (e.g., tech-enabled but also has significant non-desk workforce) - say ""UNSURE - mixed workforce type""
5. Company appears to be in transition or restructuring - say ""UNSURE - company in transition""

Format examples:
- ""YES""
- ""NO""
- ""UNSURE - cannot verify employee count""
- ""UNSURE - insufficient culture/benefits information"""
Hungary - New HR Leader,"Companies who hired a new HR Director, Head of People, CHRO, or People & Culture Lead in the past 3-6 months in Hungary. Focus on Tech/SaaS/Fintech companies with 100-250 employees (priority) or 50-500 employees (secondary).",Tech / SaaS / Fintech (All),Hungary,,,"Determine if this company is a good fit for Zen2Fit, a corporate wellness SaaS platform for employees.

Return ONLY ""YES"", ""NO"", or ""UNSURE - [reason]""

RETURN ""YES"" IF ALL OF THESE ARE TRUE:
1. Company's workforce is predominantly desk-based (office workers, knowledge workers, remote workers, software engineers, not retail branches, field sales, or manufacturing floor workers)
2. Company is in tech/SaaS/fintech/software/digital services/martech/devtools/insurtech/regtech
3. Company shows they invest in employee culture/benefits/wellbeing beyond salary - look for ANY of these signals:
   - Mentions employee benefits, perks, wellness programs, or culture on careers page
   - Posts about team events, employee programs, company culture on LinkedIn
   - Has employer certifications (Great Place to Work, Top Employers, Best Employer awards, Statista Best Employers)
   - Company values/mission mention ""people-first"", ""employee wellbeing"", ""great culture"", ""team development""
   - Lists non-salary benefits (wellness programs, mental health support, learning budgets, team activities, flexible work)

RETURN ""NO"" IF ANY OF THESE ARE TRUE:
1. Company has under 50 employees OR over 500 employees
2. Workforce is predominantly non-desk based:
   - Retail store employees
   - Field sales teams
   - Manufacturing floor workers
   - Delivery/logistics drivers
   - Hospitality/restaurant staff
   - Warehouse workers
   - Field technicians
3. Already has a comprehensive wellness platform (Virgin Pulse, Wellhub, Gympass, Limeade, or similar established program mentioned on website)
4. Is a direct competitor in corporate wellness/EAP/employee benefits space
5. Is an investment firm, holding company, venture capital, private equity, or asset management firm (not software/SaaS)
6. Is a pure consulting firm (professional services billed by the hour - McKinsey, Deloitte, Big 4 consulting)
7. Is in industries that don't fit:
   - Traditional retail (stores, e-commerce fulfillment)
   - Hospitality/hotels/restaurants
   - Transportation/logistics
   - Real estate agencies (field sales)
   - Construction
   - Traditional manufacturing (not tech-enabled)
   - Pure recruiting/staffing agencies
8. Zero evidence of caring about employee benefits/culture/wellbeing on website or LinkedIn

RETURN ""UNSURE - [reason]"" IF:
1. Cannot determine employee count - say ""UNSURE - cannot verify employee count""
2. Cannot determine if they're a software company vs services/consulting - say ""UNSURE - unclear if tech/SaaS or services""
3. Cannot find enough information about culture/benefits investment - say ""UNSURE - insufficient culture/benefits information""
4. Industry is borderline (e.g., tech-enabled but also has significant non-desk workforce) - say ""UNSURE - mixed workforce type""
5. Company appears to be in transition or restructuring - say ""UNSURE - company in transition""

Format examples:
- ""YES""
- ""NO""
- ""UNSURE - cannot verify employee count""
- ""UNSURE - insufficient culture/benefits information"""
Hungary - Rapid Growth,Companies with 20%+ headcount growth in the past 12 months (rapid scaling teams) in Hungary. Focus on Tech/SaaS/Fintech companies with 100-250 employees (priority) or 50-500 employees (secondary).,Tech / SaaS / Fintech (All),Hungary,,,"Determine if this company is a good fit for Zen2Fit, a corporate wellness SaaS platform for employees.

Return ONLY ""YES"", ""NO"", or ""UNSURE - [reason]""

RETURN ""YES"" IF ALL OF THESE ARE TRUE:
1. Company's workforce is predominantly desk-based (office workers, knowledge workers, remote workers, software engineers, not retail branches, field sales, or manufacturing floor workers)
2. Company is in tech/SaaS/fintech/software/digital services/martech/devtools/insurtech/regtech
3. Company shows they invest in employee culture/benefits/wellbeing beyond salary - look for ANY of these signals:
   - Mentions employee benefits, perks, wellness programs, or culture on careers page
   - Posts about team events, employee programs, company culture on LinkedIn
   - Has employer certifications (Great Place to Work, Top Employers, Best Employer awards, Statista Best Employers)
   - Company values/mission mention ""people-first"", ""employee wellbeing"", ""great culture"", ""team development""
   - Lists non-salary benefits (wellness programs, mental health support, learning budgets, team activities, flexible work)

RETURN ""NO"" IF ANY OF THESE ARE TRUE:
1. Company has under 50 employees OR over 500 employees
2. Workforce is predominantly non-desk based:
   - Retail store employees
   - Field sales teams
   - Manufacturing floor workers
   - Delivery/logistics drivers
   - Hospitality/restaurant staff
   - Warehouse workers
   - Field technicians
3. Already has a comprehensive wellness platform (Virgin Pulse, Wellhub, Gympass, Limeade, or similar established program mentioned on website)
4. Is a direct competitor in corporate wellness/EAP/employee benefits space
5. Is an investment firm, holding company, venture capital, private equity, or asset management firm (not software/SaaS)
6. Is a pure consulting firm (professional services billed by the hour - McKinsey, Deloitte, Big 4 consulting)
7. Is in industries that don't fit:
   - Traditional retail (stores, e-commerce fulfillment)
   - Hospitality/hotels/restaurants
   - Transportation/logistics
   - Real estate agencies (field sales)
   - Construction
   - Traditional manufacturing (not tech-enabled)
   - Pure recruiting/staffing agencies
8. Zero evidence of caring about employee benefits/culture/wellbeing on website or LinkedIn

RETURN ""UNSURE - [reason]"" IF:
1. Cannot determine employee count - say ""UNSURE - cannot verify employee count""
2. Cannot determine if they're a software company vs services/consulting - say ""UNSURE - unclear if tech/SaaS or services""
3. Cannot find enough information about culture/benefits investment - say ""UNSURE - insufficient culture/benefits information""
4. Industry is borderline (e.g., tech-enabled but also has significant non-desk workforce) - say ""UNSURE - mixed workforce type""
5. Company appears to be in transition or restructuring - say ""UNSURE - company in transition""

Format examples:
- ""YES""
- ""NO""
- ""UNSURE - cannot verify employee count""
- ""UNSURE - insufficient culture/benefits information"""
Hungary - Recent Funding,Companies who raised Series A/B/C funding in the past 12 months in Hungary. Focus on Tech/SaaS/Fintech companies with 100-250 employees (priority) or 50-500 employees (secondary).,Tech / SaaS / Fintech (All),Hungary,,,"Determine if this company is a good fit for Zen2Fit, a corporate wellness SaaS platform for employees.

Return ONLY ""YES"", ""NO"", or ""UNSURE - [reason]""

RETURN ""YES"" IF ALL OF THESE ARE TRUE:
1. Company's workforce is predominantly desk-based (office workers, knowledge workers, remote workers, software engineers, not retail branches, field sales, or manufacturing floor workers)
2. Company is in tech/SaaS/fintech/software/digital services/martech/devtools/insurtech/regtech
3. Company shows they invest in employee culture/benefits/wellbeing beyond salary - look for ANY of these signals:
   - Mentions employee benefits, perks, wellness programs, or culture on careers page
   - Posts about team events, employee programs, company culture on LinkedIn
   - Has employer certifications (Great Place to Work, Top Employers, Best Employer awards, Statista Best Employers)
   - Company values/mission mention ""people-first"", ""employee wellbeing"", ""great culture"", ""team development""
   - Lists non-salary benefits (wellness programs, mental health support, learning budgets, team activities, flexible work)

RETURN ""NO"" IF ANY OF THESE ARE TRUE:
1. Company has under 50 employees OR over 500 employees
2. Workforce is predominantly non-desk based:
   - Retail store employees
   - Field sales teams
   - Manufacturing floor workers
   - Delivery/logistics drivers
   - Hospitality/restaurant staff
   - Warehouse workers
   - Field technicians
3. Already has a comprehensive wellness platform (Virgin Pulse, Wellhub, Gympass, Limeade, or similar established program mentioned on website)
4. Is a direct competitor in corporate wellness/EAP/employee benefits space
5. Is an investment firm, holding company, venture capital, private equity, or asset management firm (not software/SaaS)
6. Is a pure consulting firm (professional services billed by the hour - McKinsey, Deloitte, Big 4 consulting)
7. Is in industries that don't fit:
   - Traditional retail (stores, e-commerce fulfillment)
   - Hospitality/hotels/restaurants
   - Transportation/logistics
   - Real estate agencies (field sales)
   - Construction
   - Traditional manufacturing (not tech-enabled)
   - Pure recruiting/staffing agencies
8. Zero evidence of caring about employee benefits/culture/wellbeing on website or LinkedIn

RETURN ""UNSURE - [reason]"" IF:
1. Cannot determine employee count - say ""UNSURE - cannot verify employee count""
2. Cannot determine if they're a software company vs services/consulting - say ""UNSURE - unclear if tech/SaaS or services""
3. Cannot find enough information about culture/benefits investment - say ""UNSURE - insufficient culture/benefits information""
4. Industry is borderline (e.g., tech-enabled but also has significant non-desk workforce) - say ""UNSURE - mixed workforce type""
5. Company appears to be in transition or restructuring - say ""UNSURE - company in transition""

Format examples:
- ""YES""
- ""NO""
- ""UNSURE - cannot verify employee count""
- ""UNSURE - insufficient culture/benefits information"""
Poland - New HR Leader,"Companies who hired a new HR Director, Head of People, CHRO, or People & Culture Lead in the past 3-6 months in Poland. Focus on Tech/SaaS/Fintech companies with 100-250 employees (priority) or 50-500 employees (secondary).",Tech / SaaS / Fintech (All),Poland,,,"Determine if this company is a good fit for Zen2Fit, a corporate wellness SaaS platform for employees.

Return ONLY ""YES"", ""NO"", or ""UNSURE - [reason]""

RETURN ""YES"" IF ALL OF THESE ARE TRUE:
1. Company's workforce is predominantly desk-based (office workers, knowledge workers, remote workers, software engineers, not retail branches, field sales, or manufacturing floor workers)
2. Company is in tech/SaaS/fintech/software/digital services/martech/devtools/insurtech/regtech
3. Company shows they invest in employee culture/benefits/wellbeing beyond salary - look for ANY of these signals:
   - Mentions employee benefits, perks, wellness programs, or culture on careers page
   - Posts about team events, employee programs, company culture on LinkedIn
   - Has employer certifications (Great Place to Work, Top Employers, Best Employer awards, Statista Best Employers)
   - Company values/mission mention ""people-first"", ""employee wellbeing"", ""great culture"", ""team development""
   - Lists non-salary benefits (wellness programs, mental health support, learning budgets, team activities, flexible work)

RETURN ""NO"" IF ANY OF THESE ARE TRUE:
1. Company has under 50 employees OR over 500 employees
2. Workforce is predominantly non-desk based:
   - Retail store employees
   - Field sales teams
   - Manufacturing floor workers
   - Delivery/logistics drivers
   - Hospitality/restaurant staff
   - Warehouse workers
   - Field technicians
3. Already has a comprehensive wellness platform (Virgin Pulse, Wellhub, Gympass, Limeade, or similar established program mentioned on website)
4. Is a direct competitor in corporate wellness/EAP/employee benefits space
5. Is an investment firm, holding company, venture capital, private equity, or asset management firm (not software/SaaS)
6. Is a pure consulting firm (professional services billed by the hour - McKinsey, Deloitte, Big 4 consulting)
7. Is in industries that don't fit:
   - Traditional retail (stores, e-commerce fulfillment)
   - Hospitality/hotels/restaurants
   - Transportation/logistics
   - Real estate agencies (field sales)
   - Construction
   - Traditional manufacturing (not tech-enabled)
   - Pure recruiting/staffing agencies
8. Zero evidence of caring about employee benefits/culture/wellbeing on website or LinkedIn

RETURN ""UNSURE - [reason]"" IF:
1. Cannot determine employee count - say ""UNSURE - cannot verify employee count""
2. Cannot determine if they're a software company vs services/consulting - say ""UNSURE - unclear if tech/SaaS or services""
3. Cannot find enough information about culture/benefits investment - say ""UNSURE - insufficient culture/benefits information""
4. Industry is borderline (e.g., tech-enabled but also has significant non-desk workforce) - say ""UNSURE - mixed workforce type""
5. Company appears to be in transition or restructuring - say ""UNSURE - company in transition""

Format examples:
- ""YES""
- ""NO""
- ""UNSURE - cannot verify employee count""
- ""UNSURE - insufficient culture/benefits information"""
Poland - Rapid Growth,Companies with 20%+ headcount growth in the past 12 months (rapid scaling teams) in Poland. Focus on Tech/SaaS/Fintech companies with 100-250 employees (priority) or 50-500 employees (secondary).,Tech / SaaS / Fintech (All),Poland,,,"Determine if this company is a good fit for Zen2Fit, a corporate wellness SaaS platform for employees.

Return ONLY ""YES"", ""NO"", or ""UNSURE - [reason]""

RETURN ""YES"" IF ALL OF THESE ARE TRUE:
1. Company's workforce is predominantly desk-based (office workers, knowledge workers, remote workers, software engineers, not retail branches, field sales, or manufacturing floor workers)
2. Company is in tech/SaaS/fintech/software/digital services/martech/devtools/insurtech/regtech
3. Company shows they invest in employee culture/benefits/wellbeing beyond salary - look for ANY of these signals:
   - Mentions employee benefits, perks, wellness programs, or culture on careers page
   - Posts about team events, employee programs, company culture on LinkedIn
   - Has employer certifications (Great Place to Work, Top Employers, Best Employer awards, Statista Best Employers)
   - Company values/mission mention ""people-first"", ""employee wellbeing"", ""great culture"", ""team development""
   - Lists non-salary benefits (wellness programs, mental health support, learning budgets, team activities, flexible work)

RETURN ""NO"" IF ANY OF THESE ARE TRUE:
1. Company has under 50 employees OR over 500 employees
2. Workforce is predominantly non-desk based:
   - Retail store employees
   - Field sales teams
   - Manufacturing floor workers
   - Delivery/logistics drivers
   - Hospitality/restaurant staff
   - Warehouse workers
   - Field technicians
3. Already has a comprehensive wellness platform (Virgin Pulse, Wellhub, Gympass, Limeade, or similar established program mentioned on website)
4. Is a direct competitor in corporate wellness/EAP/employee benefits space
5. Is an investment firm, holding company, venture capital, private equity, or asset management firm (not software/SaaS)
6. Is a pure consulting firm (professional services billed by the hour - McKinsey, Deloitte, Big 4 consulting)
7. Is in industries that don't fit:
   - Traditional retail (stores, e-commerce fulfillment)
   - Hospitality/hotels/restaurants
   - Transportation/logistics
   - Real estate agencies (field sales)
   - Construction
   - Traditional manufacturing (not tech-enabled)
   - Pure recruiting/staffing agencies
8. Zero evidence of caring about employee benefits/culture/wellbeing on website or LinkedIn

RETURN ""UNSURE - [reason]"" IF:
1. Cannot determine employee count - say ""UNSURE - cannot verify employee count""
2. Cannot determine if they're a software company vs services/consulting - say ""UNSURE - unclear if tech/SaaS or services""
3. Cannot find enough information about culture/benefits investment - say ""UNSURE - insufficient culture/benefits information""
4. Industry is borderline (e.g., tech-enabled but also has significant non-desk workforce) - say ""UNSURE - mixed workforce type""
5. Company appears to be in transition or restructuring - say ""UNSURE - company in transition""

Format examples:
- ""YES""
- ""NO""
- ""UNSURE - cannot verify employee count""
- ""UNSURE - insufficient culture/benefits information"""
Poland - Recent Funding,Companies who raised Series A/B/C funding in the past 12 months in Poland. Focus on Tech/SaaS/Fintech companies with 100-250 employees (priority) or 50-500 employees (secondary).,Tech / SaaS / Fintech (All),Poland,,,"Determine if this company is a good fit for Zen2Fit, a corporate wellness SaaS platform for employees.

Return ONLY ""YES"", ""NO"", or ""UNSURE - [reason]""

RETURN ""YES"" IF ALL OF THESE ARE TRUE:
1. Company's workforce is predominantly desk-based (office workers, knowledge workers, remote workers, software engineers, not retail branches, field sales, or manufacturing floor workers)
2. Company is in tech/SaaS/fintech/software/digital services/martech/devtools/insurtech/regtech
3. Company shows they invest in employee culture/benefits/wellbeing beyond salary - look for ANY of these signals:
   - Mentions employee benefits, perks, wellness programs, or culture on careers page
   - Posts about team events, employee programs, company culture on LinkedIn
   - Has employer certifications (Great Place to Work, Top Employers, Best Employer awards, Statista Best Employers)
   - Company values/mission mention ""people-first"", ""employee wellbeing"", ""great culture"", ""team development""
   - Lists non-salary benefits (wellness programs, mental health support, learning budgets, team activities, flexible work)

RETURN ""NO"" IF ANY OF THESE ARE TRUE:
1. Company has under 50 employees OR over 500 employees
2. Workforce is predominantly non-desk based:
   - Retail store employees
   - Field sales teams
   - Manufacturing floor workers
   - Delivery/logistics drivers
   - Hospitality/restaurant staff
   - Warehouse workers
   - Field technicians
3. Already has a comprehensive wellness platform (Virgin Pulse, Wellhub, Gympass, Limeade, or similar established program mentioned on website)
4. Is a direct competitor in corporate wellness/EAP/employee benefits space
5. Is an investment firm, holding company, venture capital, private equity, or asset management firm (not software/SaaS)
6. Is a pure consulting firm (professional services billed by the hour - McKinsey, Deloitte, Big 4 consulting)
7. Is in industries that don't fit:
   - Traditional retail (stores, e-commerce fulfillment)
   - Hospitality/hotels/restaurants
   - Transportation/logistics
   - Real estate agencies (field sales)
   - Construction
   - Traditional manufacturing (not tech-enabled)
   - Pure recruiting/staffing agencies
8. Zero evidence of caring about employee benefits/culture/wellbeing on website or LinkedIn

RETURN ""UNSURE - [reason]"" IF:
1. Cannot determine employee count - say ""UNSURE - cannot verify employee count""
2. Cannot determine if they're a software company vs services/consulting - say ""UNSURE - unclear if tech/SaaS or services""
3. Cannot find enough information about culture/benefits investment - say ""UNSURE - insufficient culture/benefits information""
4. Industry is borderline (e.g., tech-enabled but also has significant non-desk workforce) - say ""UNSURE - mixed workforce type""
5. Company appears to be in transition or restructuring - say ""UNSURE - company in transition""

Format examples:
- ""YES""
- ""NO""
- ""UNSURE - cannot verify employee count""
- ""UNSURE - insufficient culture/benefits information"""
Denmark - New HR Leader,"Companies who hired a new HR Director, Head of People, CHRO, or People & Culture Lead in the past 3-6 months in Denmark. Focus on Tech/SaaS/Fintech companies with 100-250 employees (priority) or 50-500 employees (secondary).",Tech / SaaS / Fintech (All),Denmark,,,"Determine if this company is a good fit for Zen2Fit, a corporate wellness SaaS platform for employees.

Return ONLY ""YES"", ""NO"", or ""UNSURE - [reason]""

RETURN ""YES"" IF ALL OF THESE ARE TRUE:
1. Company's workforce is predominantly desk-based (office workers, knowledge workers, remote workers, software engineers, not retail branches, field sales, or manufacturing floor workers)
2. Company is in tech/SaaS/fintech/software/digital services/martech/devtools/insurtech/regtech
3. Company shows they invest in employee culture/benefits/wellbeing beyond salary - look for ANY of these signals:
   - Mentions employee benefits, perks, wellness programs, or culture on careers page
   - Posts about team events, employee programs, company culture on LinkedIn
   - Has employer certifications (Great Place to Work, Top Employers, Best Employer awards, Statista Best Employers)
   - Company values/mission mention ""people-first"", ""employee wellbeing"", ""great culture"", ""team development""
   - Lists non-salary benefits (wellness programs, mental health support, learning budgets, team activities, flexible work)

RETURN ""NO"" IF ANY OF THESE ARE TRUE:
1. Company has under 50 employees OR over 500 employees
2. Workforce is predominantly non-desk based:
   - Retail store employees
   - Field sales teams
   - Manufacturing floor workers
   - Delivery/logistics drivers
   - Hospitality/restaurant staff
   - Warehouse workers
   - Field technicians
3. Already has a comprehensive wellness platform (Virgin Pulse, Wellhub, Gympass, Limeade, or similar established program mentioned on website)
4. Is a direct competitor in corporate wellness/EAP/employee benefits space
5. Is an investment firm, holding company, venture capital, private equity, or asset management firm (not software/SaaS)
6. Is a pure consulting firm (professional services billed by the hour - McKinsey, Deloitte, Big 4 consulting)
7. Is in industries that don't fit:
   - Traditional retail (stores, e-commerce fulfillment)
   - Hospitality/hotels/restaurants
   - Transportation/logistics
   - Real estate agencies (field sales)
   - Construction
   - Traditional manufacturing (not tech-enabled)
   - Pure recruiting/staffing agencies
8. Zero evidence of caring about employee benefits/culture/wellbeing on website or LinkedIn

RETURN ""UNSURE - [reason]"" IF:
1. Cannot determine employee count - say ""UNSURE - cannot verify employee count""
2. Cannot determine if they're a software company vs services/consulting - say ""UNSURE - unclear if tech/SaaS or services""
3. Cannot find enough information about culture/benefits investment - say ""UNSURE - insufficient culture/benefits information""
4. Industry is borderline (e.g., tech-enabled but also has significant non-desk workforce) - say ""UNSURE - mixed workforce type""
5. Company appears to be in transition or restructuring - say ""UNSURE - company in transition""

Format examples:
- ""YES""
- ""NO""
- ""UNSURE - cannot verify employee count""
- ""UNSURE - insufficient culture/benefits information"""
Denmark - Rapid Growth,Companies with 20%+ headcount growth in the past 12 months (rapid scaling teams) in Denmark. Focus on Tech/SaaS/Fintech companies with 100-250 employees (priority) or 50-500 employees (secondary).,Tech / SaaS / Fintech (All),Denmark,,,"Determine if this company is a good fit for Zen2Fit, a corporate wellness SaaS platform for employees.

Return ONLY ""YES"", ""NO"", or ""UNSURE - [reason]""

RETURN ""YES"" IF ALL OF THESE ARE TRUE:
1. Company's workforce is predominantly desk-based (office workers, knowledge workers, remote workers, software engineers, not retail branches, field sales, or manufacturing floor workers)
2. Company is in tech/SaaS/fintech/software/digital services/martech/devtools/insurtech/regtech
3. Company shows they invest in employee culture/benefits/wellbeing beyond salary - look for ANY of these signals:
   - Mentions employee benefits, perks, wellness programs, or culture on careers page
   - Posts about team events, employee programs, company culture on LinkedIn
   - Has employer certifications (Great Place to Work, Top Employers, Best Employer awards, Statista Best Employers)
   - Company values/mission mention ""people-first"", ""employee wellbeing"", ""great culture"", ""team development""
   - Lists non-salary benefits (wellness programs, mental health support, learning budgets, team activities, flexible work)

RETURN ""NO"" IF ANY OF THESE ARE TRUE:
1. Company has under 50 employees OR over 500 employees
2. Workforce is predominantly non-desk based:
   - Retail store employees
   - Field sales teams
   - Manufacturing floor workers
   - Delivery/logistics drivers
   - Hospitality/restaurant staff
   - Warehouse workers
   - Field technicians
3. Already has a comprehensive wellness platform (Virgin Pulse, Wellhub, Gympass, Limeade, or similar established program mentioned on website)
4. Is a direct competitor in corporate wellness/EAP/employee benefits space
5. Is an investment firm, holding company, venture capital, private equity, or asset management firm (not software/SaaS)
6. Is a pure consulting firm (professional services billed by the hour - McKinsey, Deloitte, Big 4 consulting)
7. Is in industries that don't fit:
   - Traditional retail (stores, e-commerce fulfillment)
   - Hospitality/hotels/restaurants
   - Transportation/logistics
   - Real estate agencies (field sales)
   - Construction
   - Traditional manufacturing (not tech-enabled)
   - Pure recruiting/staffing agencies
8. Zero evidence of caring about employee benefits/culture/wellbeing on website or LinkedIn

RETURN ""UNSURE - [reason]"" IF:
1. Cannot determine employee count - say ""UNSURE - cannot verify employee count""
2. Cannot determine if they're a software company vs services/consulting - say ""UNSURE - unclear if tech/SaaS or services""
3. Cannot find enough information about culture/benefits investment - say ""UNSURE - insufficient culture/benefits information""
4. Industry is borderline (e.g., tech-enabled but also has significant non-desk workforce) - say ""UNSURE - mixed workforce type""
5. Company appears to be in transition or restructuring - say ""UNSURE - company in transition""

Format examples:
- ""YES""
- ""NO""
- ""UNSURE - cannot verify employee count""
- ""UNSURE - insufficient culture/benefits information"""
Denmark - Recent Funding,Companies who raised Series A/B/C funding in the past 12 months in Denmark. Focus on Tech/SaaS/Fintech companies with 100-250 employees (priority) or 50-500 employees (secondary).,Tech / SaaS / Fintech (All),Denmark,,,"Determine if this company is a good fit for Zen2Fit, a corporate wellness SaaS platform for employees.

Return ONLY ""YES"", ""NO"", or ""UNSURE - [reason]""

RETURN ""YES"" IF ALL OF THESE ARE TRUE:
1. Company's workforce is predominantly desk-based (office workers, knowledge workers, remote workers, software engineers, not retail branches, field sales, or manufacturing floor workers)
2. Company is in tech/SaaS/fintech/software/digital services/martech/devtools/insurtech/regtech
3. Company shows they invest in employee culture/benefits/wellbeing beyond salary - look for ANY of these signals:
   - Mentions employee benefits, perks, wellness programs, or culture on careers page
   - Posts about team events, employee programs, company culture on LinkedIn
   - Has employer certifications (Great Place to Work, Top Employers, Best Employer awards, Statista Best Employers)
   - Company values/mission mention ""people-first"", ""employee wellbeing"", ""great culture"", ""team development""
   - Lists non-salary benefits (wellness programs, mental health support, learning budgets, team activities, flexible work)

RETURN ""NO"" IF ANY OF THESE ARE TRUE:
1. Company has under 50 employees OR over 500 employees
2. Workforce is predominantly non-desk based:
   - Retail store employees
   - Field sales teams
   - Manufacturing floor workers
   - Delivery/logistics drivers
   - Hospitality/restaurant staff
   - Warehouse workers
   - Field technicians
3. Already has a comprehensive wellness platform (Virgin Pulse, Wellhub, Gympass, Limeade, or similar established program mentioned on website)
4. Is a direct competitor in corporate wellness/EAP/employee benefits space
5. Is an investment firm, holding company, venture capital, private equity, or asset management firm (not software/SaaS)
6. Is a pure consulting firm (professional services billed by the hour - McKinsey, Deloitte, Big 4 consulting)
7. Is in industries that don't fit:
   - Traditional retail (stores, e-commerce fulfillment)
   - Hospitality/hotels/restaurants
   - Transportation/logistics
   - Real estate agencies (field sales)
   - Construction
   - Traditional manufacturing (not tech-enabled)
   - Pure recruiting/staffing agencies
8. Zero evidence of caring about employee benefits/culture/wellbeing on website or LinkedIn

RETURN ""UNSURE - [reason]"" IF:
1. Cannot determine employee count - say ""UNSURE - cannot verify employee count""
2. Cannot determine if they're a software company vs services/consulting - say ""UNSURE - unclear if tech/SaaS or services""
3. Cannot find enough information about culture/benefits investment - say ""UNSURE - insufficient culture/benefits information""
4. Industry is borderline (e.g., tech-enabled but also has significant non-desk workforce) - say ""UNSURE - mixed workforce type""
5. Company appears to be in transition or restructuring - say ""UNSURE - company in transition""

Format examples:
- ""YES""
- ""NO""
- ""UNSURE - cannot verify employee count""
- ""UNSURE - insufficient culture/benefits information"""
Norway - New HR Leader,"Companies who hired a new HR Director, Head of People, CHRO, or People & Culture Lead in the past 3-6 months in Norway. Focus on Tech/SaaS/Fintech companies with 100-250 employees (priority) or 50-500 employees (secondary).",Tech / SaaS / Fintech (All),Norway,,,"Determine if this company is a good fit for Zen2Fit, a corporate wellness SaaS platform for employees.

Return ONLY ""YES"", ""NO"", or ""UNSURE - [reason]""

RETURN ""YES"" IF ALL OF THESE ARE TRUE:
1. Company's workforce is predominantly desk-based (office workers, knowledge workers, remote workers, software engineers, not retail branches, field sales, or manufacturing floor workers)
2. Company is in tech/SaaS/fintech/software/digital services/martech/devtools/insurtech/regtech
3. Company shows they invest in employee culture/benefits/wellbeing beyond salary - look for ANY of these signals:
   - Mentions employee benefits, perks, wellness programs, or culture on careers page
   - Posts about team events, employee programs, company culture on LinkedIn
   - Has employer certifications (Great Place to Work, Top Employers, Best Employer awards, Statista Best Employers)
   - Company values/mission mention ""people-first"", ""employee wellbeing"", ""great culture"", ""team development""
   - Lists non-salary benefits (wellness programs, mental health support, learning budgets, team activities, flexible work)

RETURN ""NO"" IF ANY OF THESE ARE TRUE:
1. Company has under 50 employees OR over 500 employees
2. Workforce is predominantly non-desk based:
   - Retail store employees
   - Field sales teams
   - Manufacturing floor workers
   - Delivery/logistics drivers
   - Hospitality/restaurant staff
   - Warehouse workers
   - Field technicians
3. Already has a comprehensive wellness platform (Virgin Pulse, Wellhub, Gympass, Limeade, or similar established program mentioned on website)
4. Is a direct competitor in corporate wellness/EAP/employee benefits space
5. Is an investment firm, holding company, venture capital, private equity, or asset management firm (not software/SaaS)
6. Is a pure consulting firm (professional services billed by the hour - McKinsey, Deloitte, Big 4 consulting)
7. Is in industries that don't fit:
   - Traditional retail (stores, e-commerce fulfillment)
   - Hospitality/hotels/restaurants
   - Transportation/logistics
   - Real estate agencies (field sales)
   - Construction
   - Traditional manufacturing (not tech-enabled)
   - Pure recruiting/staffing agencies
8. Zero evidence of caring about employee benefits/culture/wellbeing on website or LinkedIn

RETURN ""UNSURE - [reason]"" IF:
1. Cannot determine employee count - say ""UNSURE - cannot verify employee count""
2. Cannot determine if they're a software company vs services/consulting - say ""UNSURE - unclear if tech/SaaS or services""
3. Cannot find enough information about culture/benefits investment - say ""UNSURE - insufficient culture/benefits information""
4. Industry is borderline (e.g., tech-enabled but also has significant non-desk workforce) - say ""UNSURE - mixed workforce type""
5. Company appears to be in transition or restructuring - say ""UNSURE - company in transition""

Format examples:
- ""YES""
- ""NO""
- ""UNSURE - cannot verify employee count""
- ""UNSURE - insufficient culture/benefits information"""
Norway - Rapid Growth,Companies with 20%+ headcount growth in the past 12 months (rapid scaling teams) in Norway. Focus on Tech/SaaS/Fintech companies with 100-250 employees (priority) or 50-500 employees (secondary).,Tech / SaaS / Fintech (All),Norway,,,"Determine if this company is a good fit for Zen2Fit, a corporate wellness SaaS platform for employees.

Return ONLY ""YES"", ""NO"", or ""UNSURE - [reason]""

RETURN ""YES"" IF ALL OF THESE ARE TRUE:
1. Company's workforce is predominantly desk-based (office workers, knowledge workers, remote workers, software engineers, not retail branches, field sales, or manufacturing floor workers)
2. Company is in tech/SaaS/fintech/software/digital services/martech/devtools/insurtech/regtech
3. Company shows they invest in employee culture/benefits/wellbeing beyond salary - look for ANY of these signals:
   - Mentions employee benefits, perks, wellness programs, or culture on careers page
   - Posts about team events, employee programs, company culture on LinkedIn
   - Has employer certifications (Great Place to Work, Top Employers, Best Employer awards, Statista Best Employers)
   - Company values/mission mention ""people-first"", ""employee wellbeing"", ""great culture"", ""team development""
   - Lists non-salary benefits (wellness programs, mental health support, learning budgets, team activities, flexible work)

RETURN ""NO"" IF ANY OF THESE ARE TRUE:
1. Company has under 50 employees OR over 500 employees
2. Workforce is predominantly non-desk based:
   - Retail store employees
   - Field sales teams
   - Manufacturing floor workers
   - Delivery/logistics drivers
   - Hospitality/restaurant staff
   - Warehouse workers
   - Field technicians
3. Already has a comprehensive wellness platform (Virgin Pulse, Wellhub, Gympass, Limeade, or similar established program mentioned on website)
4. Is a direct competitor in corporate wellness/EAP/employee benefits space
5. Is an investment firm, holding company, venture capital, private equity, or asset management firm (not software/SaaS)
6. Is a pure consulting firm (professional services billed by the hour - McKinsey, Deloitte, Big 4 consulting)
7. Is in industries that don't fit:
   - Traditional retail (stores, e-commerce fulfillment)
   - Hospitality/hotels/restaurants
   - Transportation/logistics
   - Real estate agencies (field sales)
   - Construction
   - Traditional manufacturing (not tech-enabled)
   - Pure recruiting/staffing agencies
8. Zero evidence of caring about employee benefits/culture/wellbeing on website or LinkedIn

RETURN ""UNSURE - [reason]"" IF:
1. Cannot determine employee count - say ""UNSURE - cannot verify employee count""
2. Cannot determine if they're a software company vs services/consulting - say ""UNSURE - unclear if tech/SaaS or services""
3. Cannot find enough information about culture/benefits investment - say ""UNSURE - insufficient culture/benefits information""
4. Industry is borderline (e.g., tech-enabled but also has significant non-desk workforce) - say ""UNSURE - mixed workforce type""
5. Company appears to be in transition or restructuring - say ""UNSURE - company in transition""

Format examples:
- ""YES""
- ""NO""
- ""UNSURE - cannot verify employee count""
- ""UNSURE - insufficient culture/benefits information"""
Norway - Recent Funding,Companies who raised Series A/B/C funding in the past 12 months in Norway. Focus on Tech/SaaS/Fintech companies with 100-250 employees (priority) or 50-500 employees (secondary).,Tech / SaaS / Fintech (All),Norway,,,"Determine if this company is a good fit for Zen2Fit, a corporate wellness SaaS platform for employees.

Return ONLY ""YES"", ""NO"", or ""UNSURE - [reason]""

RETURN ""YES"" IF ALL OF THESE ARE TRUE:
1. Company's workforce is predominantly desk-based (office workers, knowledge workers, remote workers, software engineers, not retail branches, field sales, or manufacturing floor workers)
2. Company is in tech/SaaS/fintech/software/digital services/martech/devtools/insurtech/regtech
3. Company shows they invest in employee culture/benefits/wellbeing beyond salary - look for ANY of these signals:
   - Mentions employee benefits, perks, wellness programs, or culture on careers page
   - Posts about team events, employee programs, company culture on LinkedIn
   - Has employer certifications (Great Place to Work, Top Employers, Best Employer awards, Statista Best Employers)
   - Company values/mission mention ""people-first"", ""employee wellbeing"", ""great culture"", ""team development""
   - Lists non-salary benefits (wellness programs, mental health support, learning budgets, team activities, flexible work)

RETURN ""NO"" IF ANY OF THESE ARE TRUE:
1. Company has under 50 employees OR over 500 employees
2. Workforce is predominantly non-desk based:
   - Retail store employees
   - Field sales teams
   - Manufacturing floor workers
   - Delivery/logistics drivers
   - Hospitality/restaurant staff
   - Warehouse workers
   - Field technicians
3. Already has a comprehensive wellness platform (Virgin Pulse, Wellhub, Gympass, Limeade, or similar established program mentioned on website)
4. Is a direct competitor in corporate wellness/EAP/employee benefits space
5. Is an investment firm, holding company, venture capital, private equity, or asset management firm (not software/SaaS)
6. Is a pure consulting firm (professional services billed by the hour - McKinsey, Deloitte, Big 4 consulting)
7. Is in industries that don't fit:
   - Traditional retail (stores, e-commerce fulfillment)
   - Hospitality/hotels/restaurants
   - Transportation/logistics
   - Real estate agencies (field sales)
   - Construction
   - Traditional manufacturing (not tech-enabled)
   - Pure recruiting/staffing agencies
8. Zero evidence of caring about employee benefits/culture/wellbeing on website or LinkedIn

RETURN ""UNSURE - [reason]"" IF:
1. Cannot determine employee count - say ""UNSURE - cannot verify employee count""
2. Cannot determine if they're a software company vs services/consulting - say ""UNSURE - unclear if tech/SaaS or services""
3. Cannot find enough information about culture/benefits investment - say ""UNSURE - insufficient culture/benefits information""
4. Industry is borderline (e.g., tech-enabled but also has significant non-desk workforce) - say ""UNSURE - mixed workforce type""
5. Company appears to be in transition or restructuring - say ""UNSURE - company in transition""

Format examples:
- ""YES""
- ""NO""
- ""UNSURE - cannot verify employee count""
- ""UNSURE - insufficient culture/benefits information"""
Slovenia - Hybrid/Remote,Companies with hybrid or fully remote workforce (distributed teams across multiple cities/countries) in Slovenia. Focus on Tech/SaaS/Fintech companies with 100-250 employees (priority) or 50-500 employees (secondary).,Tech / SaaS / Fintech (All),Slovenia,,,"Determine if this company is a good fit for Zen2Fit, a corporate wellness SaaS platform for employees.

Return ONLY ""YES"", ""NO"", or ""UNSURE - [reason]""

RETURN ""YES"" IF ALL OF THESE ARE TRUE:
1. Company's workforce is predominantly desk-based (office workers, knowledge workers, remote workers, software engineers, not retail branches, field sales, or manufacturing floor workers)
2. Company is in tech/SaaS/fintech/software/digital services/martech/devtools/insurtech/regtech
3. Company shows they invest in employee culture/benefits/wellbeing beyond salary - look for ANY of these signals:
   - Mentions employee benefits, perks, wellness programs, or culture on careers page
   - Posts about team events, employee programs, company culture on LinkedIn
   - Has employer certifications (Great Place to Work, Top Employers, Best Employer awards, Statista Best Employers)
   - Company values/mission mention ""people-first"", ""employee wellbeing"", ""great culture"", ""team development""
   - Lists non-salary benefits (wellness programs, mental health support, learning budgets, team activities, flexible work)

RETURN ""NO"" IF ANY OF THESE ARE TRUE:
1. Company has under 50 employees OR over 500 employees
2. Workforce is predominantly non-desk based:
   - Retail store employees
   - Field sales teams
   - Manufacturing floor workers
   - Delivery/logistics drivers
   - Hospitality/restaurant staff
   - Warehouse workers
   - Field technicians
3. Already has a comprehensive wellness platform (Virgin Pulse, Wellhub, Gympass, Limeade, or similar established program mentioned on website)
4. Is a direct competitor in corporate wellness/EAP/employee benefits space
5. Is an investment firm, holding company, venture capital, private equity, or asset management firm (not software/SaaS)
6. Is a pure consulting firm (professional services billed by the hour - McKinsey, Deloitte, Big 4 consulting)
7. Is in industries that don't fit:
   - Traditional retail (stores, e-commerce fulfillment)
   - Hospitality/hotels/restaurants
   - Transportation/logistics
   - Real estate agencies (field sales)
   - Construction
   - Traditional manufacturing (not tech-enabled)
   - Pure recruiting/staffing agencies
8. Zero evidence of caring about employee benefits/culture/wellbeing on website or LinkedIn

RETURN ""UNSURE - [reason]"" IF:
1. Cannot determine employee count - say ""UNSURE - cannot verify employee count""
2. Cannot determine if they're a software company vs services/consulting - say ""UNSURE - unclear if tech/SaaS or services""
3. Cannot find enough information about culture/benefits investment - say ""UNSURE - insufficient culture/benefits information""
4. Industry is borderline (e.g., tech-enabled but also has significant non-desk workforce) - say ""UNSURE - mixed workforce type""
5. Company appears to be in transition or restructuring - say ""UNSURE - company in transition""

Format examples:
- ""YES""
- ""NO""
- ""UNSURE - cannot verify employee count""
- ""UNSURE - insufficient culture/benefits information"""
Slovenia - Employer Branding,"Companies actively posting about employer branding, team culture, or employee experience on LinkedIn in the past 30 days in Slovenia. Focus on Tech/SaaS/Fintech companies with 100-250 employees (priority) or 50-500 employees (secondary).",Tech / SaaS / Fintech (All),Slovenia,,,"Determine if this company is a good fit for Zen2Fit, a corporate wellness SaaS platform for employees.

Return ONLY ""YES"", ""NO"", or ""UNSURE - [reason]""

RETURN ""YES"" IF ALL OF THESE ARE TRUE:
1. Company's workforce is predominantly desk-based (office workers, knowledge workers, remote workers, software engineers, not retail branches, field sales, or manufacturing floor workers)
2. Company is in tech/SaaS/fintech/software/digital services/martech/devtools/insurtech/regtech
3. Company shows they invest in employee culture/benefits/wellbeing beyond salary - look for ANY of these signals:
   - Mentions employee benefits, perks, wellness programs, or culture on careers page
   - Posts about team events, employee programs, company culture on LinkedIn
   - Has employer certifications (Great Place to Work, Top Employers, Best Employer awards, Statista Best Employers)
   - Company values/mission mention ""people-first"", ""employee wellbeing"", ""great culture"", ""team development""
   - Lists non-salary benefits (wellness programs, mental health support, learning budgets, team activities, flexible work)

RETURN ""NO"" IF ANY OF THESE ARE TRUE:
1. Company has under 50 employees OR over 500 employees
2. Workforce is predominantly non-desk based:
   - Retail store employees
   - Field sales teams
   - Manufacturing floor workers
   - Delivery/logistics drivers
   - Hospitality/restaurant staff
   - Warehouse workers
   - Field technicians
3. Already has a comprehensive wellness platform (Virgin Pulse, Wellhub, Gympass, Limeade, or similar established program mentioned on website)
4. Is a direct competitor in corporate wellness/EAP/employee benefits space
5. Is an investment firm, holding company, venture capital, private equity, or asset management firm (not software/SaaS)
6. Is a pure consulting firm (professional services billed by the hour - McKinsey, Deloitte, Big 4 consulting)
7. Is in industries that don't fit:
   - Traditional retail (stores, e-commerce fulfillment)
   - Hospitality/hotels/restaurants
   - Transportation/logistics
   - Real estate agencies (field sales)
   - Construction
   - Traditional manufacturing (not tech-enabled)
   - Pure recruiting/staffing agencies
8. Zero evidence of caring about employee benefits/culture/wellbeing on website or LinkedIn

RETURN ""UNSURE - [reason]"" IF:
1. Cannot determine employee count - say ""UNSURE - cannot verify employee count""
2. Cannot determine if they're a software company vs services/consulting - say ""UNSURE - unclear if tech/SaaS or services""
3. Cannot find enough information about culture/benefits investment - say ""UNSURE - insufficient culture/benefits information""
4. Industry is borderline (e.g., tech-enabled but also has significant non-desk workforce) - say ""UNSURE - mixed workforce type""
5. Company appears to be in transition or restructuring - say ""UNSURE - company in transition""

Format examples:
- ""YES""
- ""NO""
- ""UNSURE - cannot verify employee count""
- ""UNSURE - insufficient culture/benefits information"""
Hungary - Hybrid/Remote,Companies with hybrid or fully remote workforce (distributed teams across multiple cities/countries) in Hungary. Focus on Tech/SaaS/Fintech companies with 100-250 employees (priority) or 50-500 employees (secondary).,Tech / SaaS / Fintech (All),Hungary,,,"Determine if this company is a good fit for Zen2Fit, a corporate wellness SaaS platform for employees.

Return ONLY ""YES"", ""NO"", or ""UNSURE - [reason]""

RETURN ""YES"" IF ALL OF THESE ARE TRUE:
1. Company's workforce is predominantly desk-based (office workers, knowledge workers, remote workers, software engineers, not retail branches, field sales, or manufacturing floor workers)
2. Company is in tech/SaaS/fintech/software/digital services/martech/devtools/insurtech/regtech
3. Company shows they invest in employee culture/benefits/wellbeing beyond salary - look for ANY of these signals:
   - Mentions employee benefits, perks, wellness programs, or culture on careers page
   - Posts about team events, employee programs, company culture on LinkedIn
   - Has employer certifications (Great Place to Work, Top Employers, Best Employer awards, Statista Best Employers)
   - Company values/mission mention ""people-first"", ""employee wellbeing"", ""great culture"", ""team development""
   - Lists non-salary benefits (wellness programs, mental health support, learning budgets, team activities, flexible work)

RETURN ""NO"" IF ANY OF THESE ARE TRUE:
1. Company has under 50 employees OR over 500 employees
2. Workforce is predominantly non-desk based:
   - Retail store employees
   - Field sales teams
   - Manufacturing floor workers
   - Delivery/logistics drivers
   - Hospitality/restaurant staff
   - Warehouse workers
   - Field technicians
3. Already has a comprehensive wellness platform (Virgin Pulse, Wellhub, Gympass, Limeade, or similar established program mentioned on website)
4. Is a direct competitor in corporate wellness/EAP/employee benefits space
5. Is an investment firm, holding company, venture capital, private equity, or asset management firm (not software/SaaS)
6. Is a pure consulting firm (professional services billed by the hour - McKinsey, Deloitte, Big 4 consulting)
7. Is in industries that don't fit:
   - Traditional retail (stores, e-commerce fulfillment)
   - Hospitality/hotels/restaurants
   - Transportation/logistics
   - Real estate agencies (field sales)
   - Construction
   - Traditional manufacturing (not tech-enabled)
   - Pure recruiting/staffing agencies
8. Zero evidence of caring about employee benefits/culture/wellbeing on website or LinkedIn

RETURN ""UNSURE - [reason]"" IF:
1. Cannot determine employee count - say ""UNSURE - cannot verify employee count""
2. Cannot determine if they're a software company vs services/consulting - say ""UNSURE - unclear if tech/SaaS or services""
3. Cannot find enough information about culture/benefits investment - say ""UNSURE - insufficient culture/benefits information""
4. Industry is borderline (e.g., tech-enabled but also has significant non-desk workforce) - say ""UNSURE - mixed workforce type""
5. Company appears to be in transition or restructuring - say ""UNSURE - company in transition""

Format examples:
- ""YES""
- ""NO""
- ""UNSURE - cannot verify employee count""
- ""UNSURE - insufficient culture/benefits information"""
Hungary - Employer Branding,"Companies actively posting about employer branding, team culture, or employee experience on LinkedIn in the past 30 days in Hungary. Focus on Tech/SaaS/Fintech companies with 100-250 employees (priority) or 50-500 employees (secondary).",Tech / SaaS / Fintech (All),Hungary,,,"Determine if this company is a good fit for Zen2Fit, a corporate wellness SaaS platform for employees.

Return ONLY ""YES"", ""NO"", or ""UNSURE - [reason]""

RETURN ""YES"" IF ALL OF THESE ARE TRUE:
1. Company's workforce is predominantly desk-based (office workers, knowledge workers, remote workers, software engineers, not retail branches, field sales, or manufacturing floor workers)
2. Company is in tech/SaaS/fintech/software/digital services/martech/devtools/insurtech/regtech
3. Company shows they invest in employee culture/benefits/wellbeing beyond salary - look for ANY of these signals:
   - Mentions employee benefits, perks, wellness programs, or culture on careers page
   - Posts about team events, employee programs, company culture on LinkedIn
   - Has employer certifications (Great Place to Work, Top Employers, Best Employer awards, Statista Best Employers)
   - Company values/mission mention ""people-first"", ""employee wellbeing"", ""great culture"", ""team development""
   - Lists non-salary benefits (wellness programs, mental health support, learning budgets, team activities, flexible work)

RETURN ""NO"" IF ANY OF THESE ARE TRUE:
1. Company has under 50 employees OR over 500 employees
2. Workforce is predominantly non-desk based:
   - Retail store employees
   - Field sales teams
   - Manufacturing floor workers
   - Delivery/logistics drivers
   - Hospitality/restaurant staff
   - Warehouse workers
   - Field technicians
3. Already has a comprehensive wellness platform (Virgin Pulse, Wellhub, Gympass, Limeade, or similar established program mentioned on website)
4. Is a direct competitor in corporate wellness/EAP/employee benefits space
5. Is an investment firm, holding company, venture capital, private equity, or asset management firm (not software/SaaS)
6. Is a pure consulting firm (professional services billed by the hour - McKinsey, Deloitte, Big 4 consulting)
7. Is in industries that don't fit:
   - Traditional retail (stores, e-commerce fulfillment)
   - Hospitality/hotels/restaurants
   - Transportation/logistics
   - Real estate agencies (field sales)
   - Construction
   - Traditional manufacturing (not tech-enabled)
   - Pure recruiting/staffing agencies
8. Zero evidence of caring about employee benefits/culture/wellbeing on website or LinkedIn

RETURN ""UNSURE - [reason]"" IF:
1. Cannot determine employee count - say ""UNSURE - cannot verify employee count""
2. Cannot determine if they're a software company vs services/consulting - say ""UNSURE - unclear if tech/SaaS or services""
3. Cannot find enough information about culture/benefits investment - say ""UNSURE - insufficient culture/benefits information""
4. Industry is borderline (e.g., tech-enabled but also has significant non-desk workforce) - say ""UNSURE - mixed workforce type""
5. Company appears to be in transition or restructuring - say ""UNSURE - company in transition""

Format examples:
- ""YES""
- ""NO""
- ""UNSURE - cannot verify employee count""
- ""UNSURE - insufficient culture/benefits information"""
Poland - Hybrid/Remote,Companies with hybrid or fully remote workforce (distributed teams across multiple cities/countries) in Poland. Focus on Tech/SaaS/Fintech companies with 100-250 employees (priority) or 50-500 employees (secondary).,Tech / SaaS / Fintech (All),Poland,,,"Determine if this company is a good fit for Zen2Fit, a corporate wellness SaaS platform for employees.

Return ONLY ""YES"", ""NO"", or ""UNSURE - [reason]""

RETURN ""YES"" IF ALL OF THESE ARE TRUE:
1. Company's workforce is predominantly desk-based (office workers, knowledge workers, remote workers, software engineers, not retail branches, field sales, or manufacturing floor workers)
2. Company is in tech/SaaS/fintech/software/digital services/martech/devtools/insurtech/regtech
3. Company shows they invest in employee culture/benefits/wellbeing beyond salary - look for ANY of these signals:
   - Mentions employee benefits, perks, wellness programs, or culture on careers page
   - Posts about team events, employee programs, company culture on LinkedIn
   - Has employer certifications (Great Place to Work, Top Employers, Best Employer awards, Statista Best Employers)
   - Company values/mission mention ""people-first"", ""employee wellbeing"", ""great culture"", ""team development""
   - Lists non-salary benefits (wellness programs, mental health support, learning budgets, team activities, flexible work)

RETURN ""NO"" IF ANY OF THESE ARE TRUE:
1. Company has under 50 employees OR over 500 employees
2. Workforce is predominantly non-desk based:
   - Retail store employees
   - Field sales teams
   - Manufacturing floor workers
   - Delivery/logistics drivers
   - Hospitality/restaurant staff
   - Warehouse workers
   - Field technicians
3. Already has a comprehensive wellness platform (Virgin Pulse, Wellhub, Gympass, Limeade, or similar established program mentioned on website)
4. Is a direct competitor in corporate wellness/EAP/employee benefits space
5. Is an investment firm, holding company, venture capital, private equity, or asset management firm (not software/SaaS)
6. Is a pure consulting firm (professional services billed by the hour - McKinsey, Deloitte, Big 4 consulting)
7. Is in industries that don't fit:
   - Traditional retail (stores, e-commerce fulfillment)
   - Hospitality/hotels/restaurants
   - Transportation/logistics
   - Real estate agencies (field sales)
   - Construction
   - Traditional manufacturing (not tech-enabled)
   - Pure recruiting/staffing agencies
8. Zero evidence of caring about employee benefits/culture/wellbeing on website or LinkedIn

RETURN ""UNSURE - [reason]"" IF:
1. Cannot determine employee count - say ""UNSURE - cannot verify employee count""
2. Cannot determine if they're a software company vs services/consulting - say ""UNSURE - unclear if tech/SaaS or services""
3. Cannot find enough information about culture/benefits investment - say ""UNSURE - insufficient culture/benefits information""
4. Industry is borderline (e.g., tech-enabled but also has significant non-desk workforce) - say ""UNSURE - mixed workforce type""
5. Company appears to be in transition or restructuring - say ""UNSURE - company in transition""

Format examples:
- ""YES""
- ""NO""
- ""UNSURE - cannot verify employee count""
- ""UNSURE - insufficient culture/benefits information"""
Poland - Employer Branding,"Companies actively posting about employer branding, team culture, or employee experience on LinkedIn in the past 30 days in Poland. Focus on Tech/SaaS/Fintech companies with 100-250 employees (priority) or 50-500 employees (secondary).",Tech / SaaS / Fintech (All),Poland,,,"Determine if this company is a good fit for Zen2Fit, a corporate wellness SaaS platform for employees.

Return ONLY ""YES"", ""NO"", or ""UNSURE - [reason]""

RETURN ""YES"" IF ALL OF THESE ARE TRUE:
1. Company's workforce is predominantly desk-based (office workers, knowledge workers, remote workers, software engineers, not retail branches, field sales, or manufacturing floor workers)
2. Company is in tech/SaaS/fintech/software/digital services/martech/devtools/insurtech/regtech
3. Company shows they invest in employee culture/benefits/wellbeing beyond salary - look for ANY of these signals:
   - Mentions employee benefits, perks, wellness programs, or culture on careers page
   - Posts about team events, employee programs, company culture on LinkedIn
   - Has employer certifications (Great Place to Work, Top Employers, Best Employer awards, Statista Best Employers)
   - Company values/mission mention ""people-first"", ""employee wellbeing"", ""great culture"", ""team development""
   - Lists non-salary benefits (wellness programs, mental health support, learning budgets, team activities, flexible work)

RETURN ""NO"" IF ANY OF THESE ARE TRUE:
1. Company has under 50 employees OR over 500 employees
2. Workforce is predominantly non-desk based:
   - Retail store employees
   - Field sales teams
   - Manufacturing floor workers
   - Delivery/logistics drivers
   - Hospitality/restaurant staff
   - Warehouse workers
   - Field technicians
3. Already has a comprehensive wellness platform (Virgin Pulse, Wellhub, Gympass, Limeade, or similar established program mentioned on website)
4. Is a direct competitor in corporate wellness/EAP/employee benefits space
5. Is an investment firm, holding company, venture capital, private equity, or asset management firm (not software/SaaS)
6. Is a pure consulting firm (professional services billed by the hour - McKinsey, Deloitte, Big 4 consulting)
7. Is in industries that don't fit:
   - Traditional retail (stores, e-commerce fulfillment)
   - Hospitality/hotels/restaurants
   - Transportation/logistics
   - Real estate agencies (field sales)
   - Construction
   - Traditional manufacturing (not tech-enabled)
   - Pure recruiting/staffing agencies
8. Zero evidence of caring about employee benefits/culture/wellbeing on website or LinkedIn

RETURN ""UNSURE - [reason]"" IF:
1. Cannot determine employee count - say ""UNSURE - cannot verify employee count""
2. Cannot determine if they're a software company vs services/consulting - say ""UNSURE - unclear if tech/SaaS or services""
3. Cannot find enough information about culture/benefits investment - say ""UNSURE - insufficient culture/benefits information""
4. Industry is borderline (e.g., tech-enabled but also has significant non-desk workforce) - say ""UNSURE - mixed workforce type""
5. Company appears to be in transition or restructuring - say ""UNSURE - company in transition""

Format examples:
- ""YES""
- ""NO""
- ""UNSURE - cannot verify employee count""
- ""UNSURE - insufficient culture/benefits information"""
Denmark - Hybrid/Remote,Companies with hybrid or fully remote workforce (distributed teams across multiple cities/countries) in Denmark. Focus on Tech/SaaS/Fintech companies with 100-250 employees (priority) or 50-500 employees (secondary).,Tech / SaaS / Fintech (All),Denmark,,,"Determine if this company is a good fit for Zen2Fit, a corporate wellness SaaS platform for employees.

Return ONLY ""YES"", ""NO"", or ""UNSURE - [reason]""

RETURN ""YES"" IF ALL OF THESE ARE TRUE:
1. Company's workforce is predominantly desk-based (office workers, knowledge workers, remote workers, software engineers, not retail branches, field sales, or manufacturing floor workers)
2. Company is in tech/SaaS/fintech/software/digital services/martech/devtools/insurtech/regtech
3. Company shows they invest in employee culture/benefits/wellbeing beyond salary - look for ANY of these signals:
   - Mentions employee benefits, perks, wellness programs, or culture on careers page
   - Posts about team events, employee programs, company culture on LinkedIn
   - Has employer certifications (Great Place to Work, Top Employers, Best Employer awards, Statista Best Employers)
   - Company values/mission mention ""people-first"", ""employee wellbeing"", ""great culture"", ""team development""
   - Lists non-salary benefits (wellness programs, mental health support, learning budgets, team activities, flexible work)

RETURN ""NO"" IF ANY OF THESE ARE TRUE:
1. Company has under 50 employees OR over 500 employees
2. Workforce is predominantly non-desk based:
   - Retail store employees
   - Field sales teams
   - Manufacturing floor workers
   - Delivery/logistics drivers
   - Hospitality/restaurant staff
   - Warehouse workers
   - Field technicians
3. Already has a comprehensive wellness platform (Virgin Pulse, Wellhub, Gympass, Limeade, or similar established program mentioned on website)
4. Is a direct competitor in corporate wellness/EAP/employee benefits space
5. Is an investment firm, holding company, venture capital, private equity, or asset management firm (not software/SaaS)
6. Is a pure consulting firm (professional services billed by the hour - McKinsey, Deloitte, Big 4 consulting)
7. Is in industries that don't fit:
   - Traditional retail (stores, e-commerce fulfillment)
   - Hospitality/hotels/restaurants
   - Transportation/logistics
   - Real estate agencies (field sales)
   - Construction
   - Traditional manufacturing (not tech-enabled)
   - Pure recruiting/staffing agencies
8. Zero evidence of caring about employee benefits/culture/wellbeing on website or LinkedIn

RETURN ""UNSURE - [reason]"" IF:
1. Cannot determine employee count - say ""UNSURE - cannot verify employee count""
2. Cannot determine if they're a software company vs services/consulting - say ""UNSURE - unclear if tech/SaaS or services""
3. Cannot find enough information about culture/benefits investment - say ""UNSURE - insufficient culture/benefits information""
4. Industry is borderline (e.g., tech-enabled but also has significant non-desk workforce) - say ""UNSURE - mixed workforce type""
5. Company appears to be in transition or restructuring - say ""UNSURE - company in transition""

Format examples:
- ""YES""
- ""NO""
- ""UNSURE - cannot verify employee count""
- ""UNSURE - insufficient culture/benefits information"""
Denmark - Employer Branding,"Companies actively posting about employer branding, team culture, or employee experience on LinkedIn in the past 30 days in Denmark. Focus on Tech/SaaS/Fintech companies with 100-250 employees (priority) or 50-500 employees (secondary).",Tech / SaaS / Fintech (All),Denmark,,,"Determine if this company is a good fit for Zen2Fit, a corporate wellness SaaS platform for employees.

Return ONLY ""YES"", ""NO"", or ""UNSURE - [reason]""

RETURN ""YES"" IF ALL OF THESE ARE TRUE:
1. Company's workforce is predominantly desk-based (office workers, knowledge workers, remote workers, software engineers, not retail branches, field sales, or manufacturing floor workers)
2. Company is in tech/SaaS/fintech/software/digital services/martech/devtools/insurtech/regtech
3. Company shows they invest in employee culture/benefits/wellbeing beyond salary - look for ANY of these signals:
   - Mentions employee benefits, perks, wellness programs, or culture on careers page
   - Posts about team events, employee programs, company culture on LinkedIn
   - Has employer certifications (Great Place to Work, Top Employers, Best Employer awards, Statista Best Employers)
   - Company values/mission mention ""people-first"", ""employee wellbeing"", ""great culture"", ""team development""
   - Lists non-salary benefits (wellness programs, mental health support, learning budgets, team activities, flexible work)

RETURN ""NO"" IF ANY OF THESE ARE TRUE:
1. Company has under 50 employees OR over 500 employees
2. Workforce is predominantly non-desk based:
   - Retail store employees
   - Field sales teams
   - Manufacturing floor workers
   - Delivery/logistics drivers
   - Hospitality/restaurant staff
   - Warehouse workers
   - Field technicians
3. Already has a comprehensive wellness platform (Virgin Pulse, Wellhub, Gympass, Limeade, or similar established program mentioned on website)
4. Is a direct competitor in corporate wellness/EAP/employee benefits space
5. Is an investment firm, holding company, venture capital, private equity, or asset management firm (not software/SaaS)
6. Is a pure consulting firm (professional services billed by the hour - McKinsey, Deloitte, Big 4 consulting)
7. Is in industries that don't fit:
   - Traditional retail (stores, e-commerce fulfillment)
   - Hospitality/hotels/restaurants
   - Transportation/logistics
   - Real estate agencies (field sales)
   - Construction
   - Traditional manufacturing (not tech-enabled)
   - Pure recruiting/staffing agencies
8. Zero evidence of caring about employee benefits/culture/wellbeing on website or LinkedIn

RETURN ""UNSURE - [reason]"" IF:
1. Cannot determine employee count - say ""UNSURE - cannot verify employee count""
2. Cannot determine if they're a software company vs services/consulting - say ""UNSURE - unclear if tech/SaaS or services""
3. Cannot find enough information about culture/benefits investment - say ""UNSURE - insufficient culture/benefits information""
4. Industry is borderline (e.g., tech-enabled but also has significant non-desk workforce) - say ""UNSURE - mixed workforce type""
5. Company appears to be in transition or restructuring - say ""UNSURE - company in transition""

Format examples:
- ""YES""
- ""NO""
- ""UNSURE - cannot verify employee count""
- ""UNSURE - insufficient culture/benefits information"""
Norway - Hybrid/Remote,Companies with hybrid or fully remote workforce (distributed teams across multiple cities/countries) in Norway. Focus on Tech/SaaS/Fintech companies with 100-250 employees (priority) or 50-500 employees (secondary).,Tech / SaaS / Fintech (All),Norway,,,"Determine if this company is a good fit for Zen2Fit, a corporate wellness SaaS platform for employees.

Return ONLY ""YES"", ""NO"", or ""UNSURE - [reason]""

RETURN ""YES"" IF ALL OF THESE ARE TRUE:
1. Company's workforce is predominantly desk-based (office workers, knowledge workers, remote workers, software engineers, not retail branches, field sales, or manufacturing floor workers)
2. Company is in tech/SaaS/fintech/software/digital services/martech/devtools/insurtech/regtech
3. Company shows they invest in employee culture/benefits/wellbeing beyond salary - look for ANY of these signals:
   - Mentions employee benefits, perks, wellness programs, or culture on careers page
   - Posts about team events, employee programs, company culture on LinkedIn
   - Has employer certifications (Great Place to Work, Top Employers, Best Employer awards, Statista Best Employers)
   - Company values/mission mention ""people-first"", ""employee wellbeing"", ""great culture"", ""team development""
   - Lists non-salary benefits (wellness programs, mental health support, learning budgets, team activities, flexible work)

RETURN ""NO"" IF ANY OF THESE ARE TRUE:
1. Company has under 50 employees OR over 500 employees
2. Workforce is predominantly non-desk based:
   - Retail store employees
   - Field sales teams
   - Manufacturing floor workers
   - Delivery/logistics drivers
   - Hospitality/restaurant staff
   - Warehouse workers
   - Field technicians
3. Already has a comprehensive wellness platform (Virgin Pulse, Wellhub, Gympass, Limeade, or similar established program mentioned on website)
4. Is a direct competitor in corporate wellness/EAP/employee benefits space
5. Is an investment firm, holding company, venture capital, private equity, or asset management firm (not software/SaaS)
6. Is a pure consulting firm (professional services billed by the hour - McKinsey, Deloitte, Big 4 consulting)
7. Is in industries that don't fit:
   - Traditional retail (stores, e-commerce fulfillment)
   - Hospitality/hotels/restaurants
   - Transportation/logistics
   - Real estate agencies (field sales)
   - Construction
   - Traditional manufacturing (not tech-enabled)
   - Pure recruiting/staffing agencies
8. Zero evidence of caring about employee benefits/culture/wellbeing on website or LinkedIn

RETURN ""UNSURE - [reason]"" IF:
1. Cannot determine employee count - say ""UNSURE - cannot verify employee count""
2. Cannot determine if they're a software company vs services/consulting - say ""UNSURE - unclear if tech/SaaS or services""
3. Cannot find enough information about culture/benefits investment - say ""UNSURE - insufficient culture/benefits information""
4. Industry is borderline (e.g., tech-enabled but also has significant non-desk workforce) - say ""UNSURE - mixed workforce type""
5. Company appears to be in transition or restructuring - say ""UNSURE - company in transition""

Format examples:
- ""YES""
- ""NO""
- ""UNSURE - cannot verify employee count""
- ""UNSURE - insufficient culture/benefits information"""
Norway - Employer Branding,"Companies actively posting about employer branding, team culture, or employee experience on LinkedIn in the past 30 days in Norway. Focus on Tech/SaaS/Fintech companies with 100-250 employees (priority) or 50-500 employees (secondary).",Tech / SaaS / Fintech (All),Norway,,,"Determine if this company is a good fit for Zen2Fit, a corporate wellness SaaS platform for employees.

Return ONLY ""YES"", ""NO"", or ""UNSURE - [reason]""

RETURN ""YES"" IF ALL OF THESE ARE TRUE:
1. Company's workforce is predominantly desk-based (office workers, knowledge workers, remote workers, software engineers, not retail branches, field sales, or manufacturing floor workers)
2. Company is in tech/SaaS/fintech/software/digital services/martech/devtools/insurtech/regtech
3. Company shows they invest in employee culture/benefits/wellbeing beyond salary - look for ANY of these signals:
   - Mentions employee benefits, perks, wellness programs, or culture on careers page
   - Posts about team events, employee programs, company culture on LinkedIn
   - Has employer certifications (Great Place to Work, Top Employers, Best Employer awards, Statista Best Employers)
   - Company values/mission mention ""people-first"", ""employee wellbeing"", ""great culture"", ""team development""
   - Lists non-salary benefits (wellness programs, mental health support, learning budgets, team activities, flexible work)

RETURN ""NO"" IF ANY OF THESE ARE TRUE:
1. Company has under 50 employees OR over 500 employees
2. Workforce is predominantly non-desk based:
   - Retail store employees
   - Field sales teams
   - Manufacturing floor workers
   - Delivery/logistics drivers
   - Hospitality/restaurant staff
   - Warehouse workers
   - Field technicians
3. Already has a comprehensive wellness platform (Virgin Pulse, Wellhub, Gympass, Limeade, or similar established program mentioned on website)
4. Is a direct competitor in corporate wellness/EAP/employee benefits space
5. Is an investment firm, holding company, venture capital, private equity, or asset management firm (not software/SaaS)
6. Is a pure consulting firm (professional services billed by the hour - McKinsey, Deloitte, Big 4 consulting)
7. Is in industries that don't fit:
   - Traditional retail (stores, e-commerce fulfillment)
   - Hospitality/hotels/restaurants
   - Transportation/logistics
   - Real estate agencies (field sales)
   - Construction
   - Traditional manufacturing (not tech-enabled)
   - Pure recruiting/staffing agencies
8. Zero evidence of caring about employee benefits/culture/wellbeing on website or LinkedIn

RETURN ""UNSURE - [reason]"" IF:
1. Cannot determine employee count - say ""UNSURE - cannot verify employee count""
2. Cannot determine if they're a software company vs services/consulting - say ""UNSURE - unclear if tech/SaaS or services""
3. Cannot find enough information about culture/benefits investment - say ""UNSURE - insufficient culture/benefits information""
4. Industry is borderline (e.g., tech-enabled but also has significant non-desk workforce) - say ""UNSURE - mixed workforce type""
5. Company appears to be in transition or restructuring - say ""UNSURE - company in transition""

Format examples:
- ""YES""
- ""NO""
- ""UNSURE - cannot verify employee count""
- ""UNSURE - insufficient culture/benefits information"""
